"","a"
"1",20.039
"2",22.523
"3",20.449
"4",20.067
"5",18.259
"6",26.456
"7",20.87
"8",23.239
"9",23.25
"10",23.35
"11",17.06
"12",24.422
"13",25.031
"14",23.65
"15",20.686
"16",23.128
"17",23.535
"18",23.901
"19",25.119
"20",24.088
"21",19.784
"22",24.113
"23",25.552
"24",21.935
"25",20.802
"26",21.506
"27",19.338
"28",21.682
"29",23.175
"30",22.668
"31",23.486
"32",23.829
"33",23.747
"34",19.504
"35",24.274
"36",20.601
"37",21.586
"38",24.302
"39",23.892
"40",18.926
"41",26.084
"42",26.376
"43",19.933
"44",18.696
"45",20.349
"46",24.489
"47",24.955
"48",21.328
"49",18.33
"50",19.374
"51",22.253
"52",20.448
"53",25.28
"54",25.588
"55",24.147
"56",25.176
"57",21.417
"58",24.575
"59",25.717
"60",25.143
"61",21.46
"62",20.963
"63",23.63
"64",24.275
"65",20.821
"66",19.945
"67",23.831
"68",23.735
"69",21.722
"70",21.068
"71",25.146
"72",20.115
"73",24.594
"74",26.032
"75",23.111
"76",24.405
"77",25.73
"78",22.143
"79",25.674
"80",25.553
"81",20.061
"82",27.777
"83",24.209
"84",22.976
"85",22.943
"86",23.883
"87",20.215
"88",23.272
"89",24.526
"90",22.684
"91",22.373
"92",25.244
"93",21.834
"94",21.088
"95",24.894
"96",20.266
"97",24.409
"98",25.867
"99",24.284
"100",22.17
"101",24.05
"102",26.134
"103",15.325
"104",22.256
"105",23.149
"106",19.657
"107",24.501
"108",18.884
"109",23.54
"110",21.949
"111",24.088
"112",23.108
"113",25.689
"114",20.551
"115",19.342
"116",24.314
"117",22.166
"118",23.754
"119",25.158
"120",23.969
"121",25.532
"122",28.587
"123",23.304
"124",16.229
"125",25.473
"126",26.205
"127",24.445
"128",23.347
"129",20.278
"130",24.139
"131",20.301
"132",18.906
"133",20.63
"134",22.51
"135",22.691
"136",21.551
"137",24.97
"138",22.463
"139",22.829
"140",23.953
"141",23.979
"142",23.171
"143",12.935
"144",24.428
"145",22.298
"146",24.247
"147",17.035
"148",26.737
"149",23.427
"150",25.733
"151",23.998
"152",26.841
"153",22.914
"154",24.862
"155",24.214
"156",24.373
"157",21.678
"158",18.586
"159",21.202
"160",23.778
"161",24.399
"162",25.958
"163",26.224
"164",20.268
"165",24.664
"166",22.977
"167",22.23
"168",19.732
"169",21.936
"170",18.984
"171",19.663
"172",26.061
"173",27.056
"174",24.631
"175",23.69
"176",20.202
"177",21.964
"178",24.233
"179",19.14
"180",21.528
"181",26.031
"182",28.229
"183",25.29
"184",22.244
"185",23.038
"186",22.408
"187",28.271
"188",23.592
"189",23.432
"190",25.49
"191",22.866
"192",26.008
"193",25.38
"194",20.988
"195",21.369
"196",20.55
"197",21.438
"198",26.317
"199",24.968
"200",20.241
"201",21.313
"202",23.01
"203",24.416
"204",17.774
"205",21.188
"206",21.829
"207",23.562
"208",24.314
"209",19.056
"210",27.539
"211",23.614
"212",20.005
"213",22.711
"214",20.004
"215",16.077
"216",22.628
"217",21.636
"218",22.528
"219",22.355
"220",23.984
"221",24.623
"222",24.588
"223",23.777
"224",22.419
"225",23.912
"226",25.417
"227",23.879
"228",25.719
"229",23.387
"230",22.47
"231",23.795
"232",25.213
"233",15.31
"234",24.166
"235",22.13
"236",22.03
"237",18.878
"238",24.186
"239",22.009
"240",25.299
"241",25.306
"242",20.695
"243",23.767
"244",22.644
"245",26.116
"246",18.333
"247",24.257
"248",20.68
"249",23.456
"250",23.699
"251",19.583
"252",24.869
"253",26.329
"254",24.686
"255",26.047
"256",24.135
"257",20.178
"258",21.304
"259",25.118
"260",22.148
"261",23.168
"262",22.692
"263",23.498
"264",19.329
"265",24.177
"266",22.916
"267",22.702
"268",21.4
"269",23.142
"270",20.959
"271",21.041
"272",22.229
"273",23.86
"274",27.046
"275",26.274
"276",22.539
"277",24.383
"278",22.356
"279",19.469
"280",26.755
"281",23.573
"282",23.78
"283",24.131
"284",22.436
"285",22.659
"286",22.017
"287",17.343
"288",22.523
"289",23.027
"290",24.27
"291",21.505
"292",24.109
"293",24.168
"294",17.477
"295",18.492
"296",23.646
"297",21.226
"298",22.322
"299",24.793
"300",20.587
"301",19.078
"302",25.276
"303",22.689
"304",23.121
"305",25.397
"306",21.46
"307",20.838
"308",25.672
"309",18.499
"310",24.68
"311",23.319
"312",21.566
"313",20.848
"314",22.972
"315",23.738
"316",21.469
"317",22.797
"318",24.297
"319",22.086
"320",24.179
"321",21.99
"322",21.881
"323",24.974
"324",21.196
"325",17.461
"326",19.141
"327",21.277
"328",19.756
"329",23.908
"330",20.53
"331",24.457
"332",22.974
"333",24.194
"334",20.508
"335",20.021
"336",23.175
"337",25.598
"338",26.004
"339",22.661
"340",19.141
"341",19.923
"342",18.535
"343",23.659
"344",22.592
"345",24.976
"346",23.363
"347",21.455
"348",24.227
"349",24.584
"350",26.723
"351",23.564
"352",23.339
"353",23.603
"354",27.328
"355",20.023
"356",21.826
"357",21.945
"358",22.394
"359",17.634
"360",26.293
"361",21.48
"362",20.43
"363",23.258
"364",24.079
"365",20.292
"366",25.543
"367",25.057
"368",24.126
"369",18.91
"370",23.295
"371",22.989
"372",19.157
"373",22.906
"374",22.678
"375",20.54
"376",24.672
"377",20.714
"378",24.77
"379",24.828
"380",23.717
"381",15.774
"382",25.467
"383",21.048
"384",21.446
"385",23.155
"386",23.605
"387",24.009
"388",25.799
"389",25.423
"390",17.514
"391",20.063
"392",25.536
"393",20.308
"394",23.169
"395",23.556
"396",20.331
"397",18.748
"398",20.669
"399",27.189
"400",18.543
"401",21.042
"402",20.594
"403",23.966
"404",23.336
"405",20.526
"406",19.622
"407",24.53
"408",23.435
"409",23.966
"410",17.913
"411",25.404
"412",20.577
"413",20.822
"414",23.641
"415",21.781
"416",21.118
"417",22.245
"418",26.337
"419",26.147
"420",22.927
"421",21.685
"422",23.953
"423",22.744
"424",21.718
"425",22.792
"426",23.141
"427",23.846
"428",20.325
"429",25.189
"430",20.434
"431",22.123
"432",21.897
"433",22.894
"434",22.609
"435",23.918
"436",22.817
"437",23.917
"438",25.508
"439",24.683
"440",22.719
"441",20.838
"442",21.348
"443",23.154
"444",24.173
"445",21.683
"446",21.937
"447",24.554
"448",20.731
"449",22.466
"450",23.048
"451",22.499
"452",22.397
"453",18.515
"454",24.786
"455",22.323
"456",21.396
"457",22.445
"458",26.644
"459",23.144
"460",23.846
"461",24.067
"462",26.325
"463",19.82
"464",23.366
"465",23.068
"466",22.327
"467",26.401
"468",23.799
"469",24.197
"470",23.874
"471",24.465
"472",21.002
"473",23.936
"474",24.119
"475",12.49
"476",23.948
"477",24.538
"478",23.402
"479",23.963
"480",23.716
"481",23.002
"482",24.306
"483",23.544
"484",20.108
"485",22.236
"486",21.695
"487",26.209
"488",23.136
"489",19.813
"490",25.517
"491",23.18
"492",23.086
"493",27.167
"494",24.261
"495",26.587
"496",21.645
"497",23.14
"498",25.556
"499",21.885
"500",25.547
"501",19.053
"502",16.093
"503",19.294
"504",22.879
"505",17.755
"506",22.723
"507",25.01
"508",24.316
"509",23.536
"510",22.312
"511",20.168
"512",21.204
"513",27.917
"514",19.591
"515",23.714
"516",18.797
"517",21.709
"518",24.229
"519",21.392
"520",23.986
"521",23.022
"522",17.13
"523",23.3
"524",25.434
"525",22.546
"526",24.564
"527",22.874
"528",19.037
"529",20.94
"530",25.084
"531",24.912
"532",20.568
"533",26.974
"534",21.272
"535",21.4
"536",19.708
"537",25.516
"538",20.174
"539",21.419
"540",19.552
"541",26.349
"542",22.611
"543",23.66
"544",24.398
"545",23.603
"546",22.037
"547",21.821
"548",19.515
"549",19.94
"550",17.692
"551",23.839
"552",25.442
"553",24.826
"554",23.529
"555",19.628
"556",27.73
"557",26.464
"558",22.931
"559",19.28
"560",25.781
"561",24.292
"562",22.859
"563",21.852
"564",20.285
"565",24.396
"566",21.741
"567",20.954
"568",21.814
"569",16.572
"570",26.77
"571",19.446
"572",25.776
"573",23.647
"574",24.99
"575",23.406
"576",22.288
"577",22.454
"578",23.411
"579",26.024
"580",23.612
"581",22.224
"582",22.8
"583",22.048
"584",25.133
"585",24.765
"586",22.391
"587",21.087
"588",24.011
"589",22.826
"590",23.139
"591",25.263
"592",22.72
"593",21.44
"594",23.619
"595",20.491
"596",21.261
"597",21.659
"598",24.273
"599",19.114
"600",23.678
"601",23.978
"602",23.155
"603",22.637
"604",24.912
"605",26.395
"606",22.529
"607",21.476
"608",22.57
"609",27.161
"610",25.368
"611",24.783
"612",27.864
"613",21.496
"614",22.774
"615",23.737
"616",22.688
"617",18.568
"618",23.247
"619",21.444
"620",20.979
"621",22.995
"622",25.836
"623",24.078
"624",19.512
"625",24.358
"626",24.753
"627",19.23
"628",27.906
"629",20.584
"630",24.268
"631",27.587
"632",23.625
"633",24.447
"634",23.021
"635",25.782
"636",25.394
"637",23.884
"638",28.08
"639",23.886
"640",21.361
"641",21.454
"642",21.975
"643",25.438
"644",20.925
"645",22.351
"646",27.941
"647",21.514
"648",25.105
"649",23.478
"650",21.238
"651",24.996
"652",20.107
"653",26.317
"654",17.418
"655",24.193
"656",22.113
"657",20.839
"658",19.787
"659",21.681
"660",20.999
"661",26.756
"662",22.481
"663",13.817
"664",25.816
"665",21.918
"666",25.816
"667",23.164
"668",24.1
"669",22.5
"670",22.963
"671",27.223
"672",22.554
"673",21.596
"674",27.634
"675",24.156
"676",22.816
"677",22.318
"678",23.752
"679",19.968
"680",25.71
"681",20.582
"682",25.673
"683",21.802
"684",22.159
"685",24.228
"686",22.021
"687",23.22
"688",24.717
"689",24.124
"690",23.349
"691",24.91
"692",24.571
"693",26.471
"694",21.542
"695",24.384
"696",25.157
"697",27.964
"698",20.003
"699",16.065
"700",27.62
"701",22.026
"702",23.198
"703",21.75
"704",22.764
"705",21.967
"706",21.597
"707",20.345
"708",21.456
"709",19.438
"710",23.463
"711",24.049
"712",23.535
"713",21.685
"714",22.101
"715",22.755
"716",24.523
"717",23.822
"718",21.047
"719",21.559
"720",22.731
"721",23.385
"722",27.072
"723",23.713
"724",23.143
"725",22.084
"726",20.198
"727",22.84
"728",18.7
"729",22.35
"730",18.315
"731",23.119
"732",20.979
"733",20.951
"734",23.133
"735",21.974
"736",21.684
"737",24.448
"738",21.443
"739",24.213
"740",20.971
"741",22.565
"742",23.924
"743",24.557
"744",19.031
"745",24.091
"746",24.066
"747",21.27
"748",25.502
"749",21.62
"750",16.731
"751",25.345
"752",25.496
"753",20.106
"754",23.885
"755",22.827
"756",23.794
"757",21.77
"758",23.778
"759",24.39
"760",25.761
"761",22.642
"762",27.634
"763",20.907
"764",21.773
"765",22.407
"766",22.935
"767",25.091
"768",20.74
"769",20.141
"770",21.966
"771",21.4
"772",25.329
"773",25.174
"774",20.467
"775",22.894
"776",24.997
"777",23.876
"778",22.687
"779",22.903
"780",23.855
"781",24.637
"782",19.008
"783",20.502
"784",24.198
"785",17.068
"786",24.076
"787",24.094
"788",22.048
"789",24.865
"790",21.778
"791",20.23
"792",22.248
"793",22.969
"794",19.987
"795",25.252
"796",22.734
"797",23.357
"798",23.754
"799",24.773
"800",21.061
"801",19.543
"802",20.675
"803",25.994
"804",24.073
"805",20.017
"806",20.994
"807",21.035
"808",19.251
"809",22.152
"810",23.444
"811",22.742
"812",17.273
"813",24.101
"814",17.66
"815",25.151
"816",25.274
"817",23.433
"818",22.418
"819",21.87
"820",21.636
"821",21.442
"822",21.2
"823",20.231
"824",25.448
"825",21.719
"826",23.441
"827",21.99
"828",22.045
"829",22.236
"830",24.899
"831",22.026
"832",20.45
"833",24.762
"834",22.797
"835",24.968
"836",19.178
"837",22.152
"838",24.141
"839",25.267
"840",17.765
"841",22.122
"842",18.356
"843",18.971
"844",21.658
"845",19.123
"846",26.386
"847",26.314
"848",17.974
"849",20.893
"850",26.653
"851",24.257
"852",23.528
"853",16.947
"854",21.155
"855",22.49
"856",26.699
"857",23.016
"858",21.116
"859",23.797
"860",24.508
"861",17.736
"862",25.627
"863",21.51
"864",24.379
"865",23.099
"866",22.847
"867",24.125
"868",23.032
"869",25.399
"870",25.431
"871",21.173
"872",24.037
"873",18.151
"874",23.581
"875",24.593
"876",26.206
"877",20.331
"878",22.966
"879",21.129
"880",22.946
"881",22.939
"882",17.347
"883",26.403
"884",24.045
"885",23.788
"886",21.868
"887",24.531
"888",22.872
"889",25.518
"890",23.256
"891",23.941
"892",23.746
"893",25.253
"894",19.94
"895",19.256
"896",25.901
"897",27.09
"898",24.827
"899",24.084
"900",22.261
"901",23.304
"902",25.587
"903",26.686
"904",20.831
"905",22.93
"906",20.706
"907",22.966
"908",22.04
"909",18.897
"910",22.398
"911",24.446
"912",24.92
"913",24.26
"914",25.919
"915",22.215
"916",21.478
"917",19.516
"918",24.051
"919",24.998
"920",23.292
"921",23.833
"922",24.089
"923",20.145
"924",23.393
"925",25.034
"926",21.08
"927",23.172
"928",24.965
"929",22.188
"930",22.539
"931",24.148
"932",22.561
"933",23.113
"934",22.253
"935",23.578
"936",21.509
"937",25.508
"938",21.995
"939",27.767
"940",23.371
"941",19.174
"942",25.027
"943",24.206
"944",22.815
"945",19.746
"946",22.066
"947",26.643
"948",23.777
"949",27.525
"950",23.501
"951",23.984
"952",18.537
"953",21.168
"954",23.905
"955",21.163
"956",22.496
"957",24.081
"958",22.762
"959",21.495
"960",20.194
"961",21.386
"962",24.403
"963",23.008
"964",19.861
"965",25.567
"966",23.052
"967",25.273
"968",23.015
"969",20.757
"970",25.516
"971",26.668
"972",26.873
"973",23.866
"974",20.841
"975",22.133
"976",23.581
"977",26.297
"978",26.806
"979",24.964
"980",23.589
"981",25.469
"982",22.921
"983",22.491
"984",25.031
"985",26.658
"986",24.926
"987",17.966
"988",22.438
"989",24.096
"990",22.93
"991",25.732
"992",22.049
"993",24.251
"994",21.991
"995",21.068
"996",21.054
"997",25.671
"998",23.846
"999",22.878
"1000",23.266
"1001",22.586
"1002",20.491
"1003",24.794
"1004",18.918
"1005",23.343
"1006",21.003
"1007",23.575
"1008",20.276
"1009",26.25
"1010",27.102
"1011",22.166
"1012",23.458
"1013",22.76
"1014",26.035
"1015",28.284
"1016",20.179
"1017",24.284
"1018",20.564
"1019",20.869
"1020",23.121
"1021",23.407
"1022",23.255
"1023",21.98
"1024",25.882
"1025",18.688
"1026",26.661
"1027",26.222
"1028",24.35
"1029",17.204
"1030",24.014
"1031",20.181
"1032",20.821
"1033",21.257
"1034",25.055
"1035",23.91
"1036",17.647
"1037",28.984
"1038",18.628
"1039",22.808
"1040",21.248
"1041",19.245
"1042",22.607
"1043",20.395
"1044",19.338
"1045",22.905
"1046",23.579
"1047",22.376
"1048",22.358
"1049",18.82
"1050",20.244
"1051",19.5
"1052",23.641
"1053",24.103
"1054",22.711
"1055",21.635
"1056",22.506
"1057",26.262
"1058",21.366
"1059",25.284
"1060",23.007
"1061",17.881
"1062",20.764
"1063",19.386
"1064",19.942
"1065",26.107
"1066",21.24
"1067",22.853
"1068",19.695
"1069",21.085
"1070",26.95
"1071",26.42
"1072",24.336
"1073",20.569
"1074",21.881
"1075",27.549
"1076",22.966
"1077",23.835
"1078",23.027
"1079",25.118
"1080",21.029
"1081",24.784
"1082",21.757
"1083",25.108
"1084",24.415
"1085",24.073
"1086",20.676
"1087",27.679
"1088",22.278
"1089",25.656
"1090",21.063
"1091",28.45
"1092",20.36
"1093",22.307
"1094",19.381
"1095",20.824
"1096",22.68
"1097",26.673
"1098",24.42
"1099",25.046
"1100",21.982
"1101",22.971
"1102",21.824
"1103",22.352
"1104",21.584
"1105",26.137
"1106",24.147
"1107",21.643
"1108",23.492
"1109",22.739
"1110",22.784
"1111",21.057
"1112",20.601
"1113",22.007
"1114",22.15
"1115",23.566
"1116",23.336
"1117",16.886
"1118",24.402
"1119",20.708
"1120",24.131
"1121",23.55
"1122",21.575
"1123",25.503
"1124",22.61
"1125",23.633
"1126",23.485
"1127",27.718
"1128",22.508
"1129",21.121
"1130",21.391
"1131",26.052
"1132",18.078
"1133",22.948
"1134",25.952
"1135",21.924
"1136",21.531
"1137",25.612
"1138",22.487
"1139",22.629
"1140",21.992
"1141",24.414
"1142",22.637
"1143",22.816
"1144",19.508
"1145",26.134
"1146",26.58
"1147",18.467
"1148",19.328
"1149",25.295
"1150",22.327
"1151",25.929
"1152",23.582
"1153",20.741
"1154",20.163
"1155",26.203
"1156",27.502
"1157",26.474
"1158",22.191
"1159",20.624
"1160",24.411
"1161",23.585
"1162",20.439
"1163",18.784
"1164",24.593
"1165",18.504
"1166",23.387
"1167",24.854
"1168",19.974
"1169",22.933
"1170",20.814
"1171",25.505
"1172",20.467
"1173",22.081
"1174",19.016
"1175",21.49
"1176",22.796
"1177",19.873
"1178",26.173
"1179",20.376
"1180",23.462
"1181",23.169
"1182",18.552
"1183",19.058
"1184",19.123
"1185",26.244
"1186",21.413
"1187",23.657
"1188",19.598
"1189",20.979
"1190",21.789
"1191",21.421
"1192",15.881
"1193",20.362
"1194",24.203
"1195",19.361
"1196",29.288
"1197",19.208
"1198",19.08
"1199",23.934
"1200",19.893
"1201",21.66
"1202",16.523
"1203",23.685
"1204",23.82
"1205",20.015
"1206",25.143
"1207",24.424
"1208",23.14
"1209",24.472
"1210",19.148
"1211",26.379
"1212",24.844
"1213",25.847
"1214",21.681
"1215",22.597
"1216",24.458
"1217",24.859
"1218",24.845
"1219",20.426
"1220",23.062
"1221",23.976
"1222",20.465
"1223",25.311
"1224",24.106
"1225",25.463
"1226",24.608
"1227",23.065
"1228",20.497
"1229",17.158
"1230",21.833
"1231",23.891
"1232",25.327
"1233",19.819
"1234",26.206
"1235",17.468
"1236",21.889
"1237",20.755
"1238",21.591
"1239",20.463
"1240",23.367
"1241",21.29
"1242",27.329
"1243",25.099
"1244",24.99
"1245",20.8
"1246",24.997
"1247",18.858
"1248",25.732
"1249",22.39
"1250",22.168
"1251",19.745
"1252",25.211
"1253",24.995
"1254",20.891
"1255",25.34
"1256",20.045
"1257",24.926
"1258",24.297
"1259",27.526
"1260",22.388
"1261",20.193
"1262",26.609
"1263",25.302
"1264",20.745
"1265",21.247
"1266",19.017
"1267",21.598
"1268",26.111
"1269",24.542
"1270",21.582
"1271",24.832
"1272",22.789
"1273",22.578
"1274",24.276
"1275",22.696
"1276",23.866
"1277",22.483
"1278",24.879
"1279",20.691
"1280",19.554
"1281",20.709
"1282",24.97
"1283",22.984
"1284",18.351
"1285",19.806
"1286",15.206
"1287",20.156
"1288",21.074
"1289",21.148
"1290",22.05
"1291",24.58
"1292",19.591
"1293",23.425
"1294",23.583
"1295",23.08
"1296",16.547
"1297",22.02
"1298",26.388
"1299",24.651
"1300",24.28
"1301",23.77
"1302",17.195
"1303",22.384
"1304",24.036
"1305",24.838
"1306",22.285
"1307",19.731
"1308",20.424
"1309",24.492
"1310",20.277
"1311",25.478
"1312",22.169
"1313",23.692
"1314",23.162
"1315",23.742
"1316",23.476
"1317",22.385
"1318",24.833
"1319",26.253
"1320",21.456
"1321",25.137
"1322",19.401
"1323",24.828
"1324",24.77
"1325",21.183
"1326",23.945
"1327",20.273
"1328",16.436
"1329",23.332
"1330",20.972
"1331",25.428
"1332",25.689
"1333",22.172
"1334",23.447
"1335",24.574
"1336",23.518
"1337",22.631
"1338",22.243
"1339",21.915
"1340",20.89
"1341",22.8
"1342",22.148
"1343",24.161
"1344",23.666
"1345",20.105
"1346",24.397
"1347",27.311
"1348",19.995
"1349",21.603
"1350",21.624
"1351",18.914
"1352",24.961
"1353",25.642
"1354",20.724
"1355",21.174
"1356",22.527
"1357",24.57
"1358",22.633
"1359",20.138
"1360",25.591
"1361",23.573
"1362",21.987
"1363",22.056
"1364",22.647
"1365",27.299
"1366",24.577
"1367",19.503
"1368",22.114
"1369",21.412
"1370",22.909
"1371",21.668
"1372",21.091
"1373",23.68
"1374",17.567
"1375",25.275
"1376",20.338
"1377",23.434
"1378",22.971
"1379",20.351
"1380",21.377
"1381",19.458
"1382",24.498
"1383",23.967
"1384",17.46
"1385",19.725
"1386",26.48
"1387",21.065
"1388",20.077
"1389",24.116
"1390",25.048
"1391",22.008
"1392",23.911
"1393",20.519
"1394",25.01
"1395",25.976
"1396",15.942
"1397",22.459
"1398",22.471
"1399",22.782
"1400",25.772
"1401",26.137
"1402",22.118
"1403",23.328
"1404",20.607
"1405",25.39
"1406",16.768
"1407",23.446
"1408",18.819
"1409",23.831
"1410",24.083
"1411",20.848
"1412",23.236
"1413",25.24
"1414",21.281
"1415",24.708
"1416",19.416
"1417",22.793
"1418",24.992
"1419",23.944
"1420",17.852
"1421",20.011
"1422",23.256
"1423",21.023
"1424",27.986
"1425",21.99
"1426",18.354
"1427",23.727
"1428",22.632
"1429",21.598
"1430",20.916
"1431",25.979
"1432",21.109
"1433",18.306
"1434",24.528
"1435",21.649
"1436",23.732
"1437",24.237
"1438",22.546
"1439",24.418
"1440",20.093
"1441",26.853
"1442",24.125
"1443",20.239
"1444",23.801
"1445",15.212
"1446",24.038
"1447",19.531
"1448",21.288
"1449",24.402
"1450",26.617
"1451",19.368
"1452",20.533
"1453",18.788
"1454",23.708
"1455",21.37
"1456",14.947
"1457",20.391
"1458",20.489
"1459",19.235
"1460",27.03
"1461",23.843
"1462",24.31
"1463",21.277
"1464",25.143
"1465",25.855
"1466",23.015
"1467",23.526
"1468",20.23
"1469",25.221
"1470",24.423
"1471",22.098
"1472",23.565
"1473",24.746
"1474",22.319
"1475",22.391
"1476",27.88
"1477",22.04
"1478",22.809
"1479",25.17
"1480",19.193
"1481",23.651
"1482",18.982
"1483",20.739
"1484",21.972
"1485",23.641
"1486",19.439
"1487",21.732
"1488",18.778
"1489",23.119
"1490",22.487
"1491",24.148
"1492",23.6
"1493",24.684
"1494",21.426
"1495",25.361
"1496",22.456
"1497",20.354
"1498",27.406
"1499",24.498
"1500",26.808
"1501",25.535
"1502",24.505
"1503",23.037
"1504",22.074
"1505",23.598
"1506",18.62
"1507",25.689
"1508",24.404
"1509",25.234
"1510",25.308
"1511",22.725
"1512",25.745
"1513",23.371
"1514",26.399
"1515",21.383
"1516",25.898
"1517",19.808
"1518",21.819
"1519",22.586
"1520",22.775
"1521",24.515
"1522",21.499
"1523",22.903
"1524",16.566
"1525",23.638
"1526",21.58
"1527",26.833
"1528",21.848
"1529",21.048
"1530",23.996
"1531",20.903
"1532",27.003
"1533",16.922
"1534",21.364
"1535",21.972
"1536",22.296
"1537",22.282
"1538",21.474
"1539",23.046
"1540",18.593
"1541",19.58
"1542",18.334
"1543",22.656
"1544",21.152
"1545",21.899
"1546",23.609
"1547",20.788
"1548",22.147
"1549",21.355
"1550",22.483
"1551",24.22
"1552",22.747
"1553",25.729
"1554",17.669
"1555",22.187
"1556",19.4
"1557",26.466
"1558",18.434
"1559",22.696
"1560",26.186
"1561",26.61
"1562",21.392
"1563",23.395
"1564",23.912
"1565",23.157
"1566",18.748
"1567",23.584
"1568",24.496
"1569",19.256
"1570",20.704
"1571",21.969
"1572",25.131
"1573",21.557
"1574",23.531
"1575",21.273
"1576",21.415
"1577",24.166
"1578",19.675
"1579",26.3
"1580",27.042
"1581",24.987
"1582",22.247
"1583",23.539
"1584",22.76
"1585",23.666
"1586",22.361
"1587",22.936
"1588",23.562
"1589",24.046
"1590",20.579
"1591",18.007
"1592",20.461
"1593",24.615
"1594",22.288
"1595",21.399
"1596",27.255
"1597",27.411
"1598",23.164
"1599",25.518
"1600",22.919
"1601",23.277
"1602",18.17
"1603",24.866
"1604",20.231
"1605",25.089
"1606",19.157
"1607",26.284
"1608",21.857
"1609",27.906
"1610",24.62
"1611",23.897
"1612",25.312
"1613",27.172
"1614",23.069
"1615",23.485
"1616",23.538
"1617",26.4
"1618",22.644
"1619",23.257
"1620",23.715
"1621",24.131
"1622",21.198
"1623",20.1
"1624",24.277
"1625",22.707
"1626",23.509
"1627",22.409
"1628",25.278
"1629",23.842
"1630",19.644
"1631",24.927
"1632",22.687
"1633",24.471
"1634",23
"1635",23.482
"1636",19.512
"1637",20.669
"1638",22.918
"1639",21.047
"1640",23.044
"1641",22.793
"1642",19.3
"1643",17.086
"1644",26.376
"1645",22.993
"1646",22.612
"1647",19.864
"1648",21.353
"1649",26.227
"1650",23.18
"1651",23.122
"1652",19.872
"1653",20.022
"1654",22.141
"1655",21.184
"1656",22.859
"1657",25.6
"1658",21.42
"1659",21.874
"1660",18.685
"1661",24.274
"1662",25.553
"1663",19.072
"1664",25.956
"1665",22.491
"1666",25.719
"1667",23.886
"1668",20.834
"1669",19.851
"1670",21.283
"1671",23.569
"1672",24.854
"1673",25.24
"1674",23.484
"1675",26.131
"1676",20.822
"1677",19.788
"1678",21.311
"1679",26.395
"1680",21.219
"1681",21.267
"1682",24.31
"1683",26.962
"1684",23.312
"1685",22.656
"1686",19.651
"1687",22.553
"1688",24.956
"1689",25.287
"1690",23.701
"1691",27.067
"1692",26.932
"1693",19.923
"1694",22.6
"1695",25.336
"1696",22.804
"1697",22.744
"1698",20.106
"1699",22.544
"1700",27.054
"1701",28.398
"1702",23.92
"1703",23.093
"1704",23.824
"1705",22.059
"1706",20.117
"1707",26.061
"1708",20.164
"1709",22.05
"1710",22.261
"1711",20.646
"1712",20.812
"1713",25.126
"1714",25.572
"1715",25.169
"1716",21.145
"1717",23.542
"1718",21.192
"1719",23.47
"1720",22.806
"1721",20.189
"1722",22.604
"1723",22.704
"1724",22.042
"1725",23.689
"1726",21.282
"1727",22.636
"1728",18.76
"1729",24.567
"1730",25.251
"1731",23.983
"1732",21.936
"1733",22.842
"1734",22.945
"1735",22.762
"1736",26.797
"1737",26.724
"1738",21.096
"1739",20.059
"1740",24.273
"1741",22.31
"1742",22.69
"1743",24.353
"1744",21.849
"1745",27.666
"1746",21.509
"1747",23.422
"1748",20.865
"1749",21.743
"1750",21.238
"1751",26.478
"1752",24.6
"1753",22.711
"1754",25.767
"1755",26.036
"1756",20.26
"1757",23.671
"1758",20.135
"1759",24.136
"1760",25.732
"1761",24.357
"1762",23.452
"1763",20.187
"1764",24.912
"1765",21.039
"1766",25.644
"1767",23.756
"1768",21.763
"1769",24.044
"1770",20.177
"1771",21.442
"1772",20.936
"1773",23.075
"1774",19.15
"1775",21.635
"1776",26.58
"1777",24.476
"1778",22.521
"1779",27.592
"1780",21.435
"1781",17.64
"1782",21.528
"1783",25.336
"1784",23.717
"1785",25.938
"1786",24.051
"1787",24.648
"1788",21.027
"1789",26.869
"1790",20.261
"1791",21.032
"1792",19.038
"1793",24.319
"1794",23.646
"1795",19.042
"1796",21.966
"1797",23.728
"1798",24.896
"1799",26.416
"1800",23.147
"1801",22.397
"1802",22.555
"1803",24.03
"1804",23.718
"1805",20.136
"1806",20.695
"1807",24.193
"1808",20.105
"1809",23.618
"1810",23.019
"1811",23.64
"1812",20.676
"1813",24.361
"1814",24.355
"1815",24.588
"1816",26.356
"1817",23.698
"1818",24.45
"1819",22.038
"1820",23.095
"1821",22.717
"1822",24.976
"1823",27.094
"1824",22.68
"1825",22.455
"1826",22.154
"1827",19.172
"1828",24.968
"1829",24.734
"1830",25.098
"1831",23.731
"1832",20.214
"1833",24.331
"1834",23.243
"1835",23.081
"1836",23.541
"1837",24.024
"1838",21.862
"1839",21.064
"1840",20.521
"1841",25.084
"1842",25.504
"1843",23.779
"1844",22.609
"1845",22.944
"1846",23.808
"1847",25.085
"1848",26.219
"1849",23.046
"1850",26.213
"1851",20.012
"1852",19.396
"1853",20.288
"1854",25.786
"1855",24.735
"1856",21.839
"1857",17.428
"1858",18.135
"1859",25.303
"1860",24.341
"1861",24.242
"1862",20.707
"1863",22.255
"1864",26.655
"1865",18.318
"1866",23.845
"1867",21.344
"1868",23.322
"1869",26.325
"1870",22.627
"1871",21.275
"1872",18.725
"1873",25.205
"1874",20.245
"1875",18.296
"1876",23.761
"1877",20.162
"1878",25.915
"1879",21.619
"1880",21.352
"1881",19.681
"1882",18.497
"1883",22.516
"1884",23.148
"1885",22.353
"1886",13.342
"1887",25.553
"1888",22.013
"1889",23.19
"1890",21.245
"1891",25.695
"1892",23.857
"1893",19.982
"1894",24.85
"1895",20.07
"1896",24.693
"1897",18.904
"1898",18.928
"1899",20.684
"1900",19.917
"1901",22.898
"1902",18.083
"1903",22.003
"1904",20.816
"1905",27.167
"1906",22.883
"1907",21.554
"1908",25.004
"1909",18.068
"1910",22.122
"1911",25.166
"1912",20.935
"1913",24.009
"1914",18.482
"1915",20.192
"1916",28.231
"1917",22.047
"1918",26.051
"1919",23.165
"1920",19.592
"1921",20.187
"1922",22.363
"1923",20.238
"1924",22.247
"1925",21.069
"1926",26.112
"1927",21.939
"1928",16.817
"1929",25.536
"1930",22.063
"1931",20.262
"1932",18.84
"1933",21.855
"1934",20.986
"1935",22.341
"1936",27.191
"1937",25.199
"1938",20.719
"1939",20.211
"1940",23.614
"1941",25.819
"1942",18.203
"1943",20.934
"1944",26.6
"1945",18.259
"1946",20.488
"1947",25.311
"1948",22.601
"1949",25.685
"1950",22.765
"1951",24.29
"1952",25.708
"1953",20.326
"1954",22.52
"1955",22.394
"1956",23.712
"1957",21.687
"1958",24.093
"1959",19.996
"1960",19.311
"1961",19.943
"1962",23.101
"1963",20.782
"1964",19.76
"1965",16.837
"1966",19.72
"1967",19.639
"1968",18.536
"1969",21.057
"1970",24.111
"1971",22.192
"1972",22.776
"1973",19.241
"1974",23.493
"1975",23.719
"1976",26.757
"1977",23.255
"1978",19.157
"1979",25.882
"1980",25.059
"1981",24.3
"1982",26.016
"1983",20.142
"1984",20.923
"1985",24.051
"1986",21.304
"1987",20.202
"1988",25.55
"1989",24.153
"1990",26.648
"1991",21.528
"1992",24.992
"1993",22.12
"1994",24.373
"1995",20.442
"1996",17.954
"1997",27.727
"1998",23.746
"1999",19.747
"2000",22.163
"2001",22.375
"2002",25.825
"2003",21.297
"2004",19.441
"2005",23.958
"2006",25.627
"2007",16.415
"2008",26.857
"2009",18.521
"2010",22.266
"2011",23.174
"2012",22.151
"2013",21.868
"2014",19.546
"2015",22.637
"2016",18.781
"2017",22.343
"2018",22.298
"2019",20.693
"2020",24.735
"2021",25.486
"2022",22.611
"2023",21.969
"2024",23.903
"2025",23.503
"2026",24.013
"2027",22.774
"2028",21.754
"2029",26.782
"2030",23.717
"2031",21.517
"2032",21.487
"2033",19.458
"2034",22.168
"2035",27.249
"2036",27.231
"2037",23.534
"2038",19.724
"2039",25.684
"2040",19.533
"2041",23.969
"2042",19.322
"2043",22.605
"2044",19.5
"2045",26.635
"2046",24.059
"2047",21.562
"2048",18.176
"2049",23.498
"2050",24.474
"2051",25.363
"2052",24.899
"2053",25.732
"2054",21.879
"2055",27.34
"2056",28.79
"2057",23.46
"2058",26.049
"2059",25.22
"2060",21.933
"2061",18.927
"2062",23.308
"2063",26.692
"2064",23.798
"2065",20.562
"2066",19.688
"2067",20.497
"2068",20.826
"2069",17.485
"2070",23.989
"2071",26.173
"2072",20.507
"2073",24.047
"2074",23.393
"2075",19.148
"2076",19.299
"2077",20.848
"2078",20.316
"2079",25.124
"2080",23.749
"2081",26.145
"2082",20.875
"2083",20.406
"2084",23.735
"2085",18.888
"2086",24.411
"2087",24.217
"2088",19.627
"2089",24.346
"2090",18.374
"2091",25.26
"2092",25.2
"2093",24.732
"2094",21.243
"2095",24.018
"2096",24.932
"2097",22.756
"2098",23.833
"2099",19.58
"2100",23.106
"2101",25.737
"2102",20.554
"2103",23.735
"2104",25.074
"2105",21.351
"2106",24.743
"2107",20.085
"2108",21.71
"2109",20.384
"2110",23.676
"2111",20.394
"2112",29.241
"2113",20.135
"2114",20.459
"2115",22.961
"2116",21.754
"2117",24.352
"2118",21.529
"2119",23.243
"2120",23.485
"2121",23.768
"2122",24.195
"2123",27.465
"2124",23.228
"2125",21.72
"2126",18.2
"2127",24.941
"2128",22.49
"2129",26.634
"2130",21.545
"2131",27.716
"2132",25.679
"2133",19.914
"2134",22.223
"2135",22.613
"2136",23.208
"2137",19.185
"2138",23.513
"2139",20.268
"2140",22.931
"2141",24.962
"2142",27.129
"2143",22.104
"2144",22.488
"2145",25.785
"2146",26.855
"2147",21.687
"2148",25.273
"2149",25.91
"2150",20.551
"2151",19.027
"2152",25.193
"2153",16.901
"2154",21.767
"2155",21.56
"2156",23.24
"2157",22.838
"2158",22.299
"2159",21.634
"2160",24.696
"2161",20.99
"2162",22.098
"2163",21.563
"2164",21.314
"2165",25.341
"2166",22.742
"2167",19.345
"2168",25.45
"2169",19.546
"2170",24.941
"2171",24.116
"2172",22.651
"2173",24.195
"2174",21.516
"2175",23.166
"2176",22.466
"2177",24.291
"2178",22.025
"2179",21.486
"2180",24.305
"2181",23.471
"2182",23.442
"2183",23.81
"2184",17.965
"2185",14.737
"2186",19.277
"2187",22.887
"2188",21.328
"2189",16.431
"2190",24.463
"2191",23.509
"2192",19.421
"2193",24.381
"2194",23.157
"2195",24.697
"2196",22.731
"2197",24.432
"2198",20.608
"2199",20.514
"2200",21.034
"2201",27.136
"2202",18.857
"2203",22.155
"2204",25.729
"2205",22.93
"2206",22.931
"2207",21.66
"2208",26.647
"2209",25.185
"2210",23.179
"2211",22.398
"2212",20.985
"2213",22.766
"2214",22.949
"2215",22.734
"2216",16.925
"2217",22.714
"2218",28.353
"2219",19.595
"2220",24.317
"2221",23.353
"2222",20.5
"2223",24.217
"2224",25.088
"2225",26.326
"2226",25.068
"2227",24.972
"2228",22.373
"2229",21.859
"2230",25.562
"2231",20.784
"2232",23.607
"2233",19.203
"2234",15.064
"2235",18.398
"2236",15.215
"2237",21.2
"2238",24.755
"2239",23.462
"2240",26.009
"2241",24.276
"2242",25.265
"2243",25.04
"2244",25.837
"2245",20.271
"2246",25.041
"2247",24.189
"2248",25.841
"2249",24.597
"2250",23.121
"2251",21.202
"2252",24.68
"2253",22.734
"2254",21.564
"2255",24.301
"2256",23.385
"2257",21.113
"2258",25.141
"2259",25.562
"2260",24.043
"2261",25.539
"2262",24.643
"2263",24.99
"2264",23.096
"2265",20.095
"2266",20.004
"2267",21.557
"2268",20.868
"2269",21.5
"2270",23.967
"2271",22.483
"2272",23.39
"2273",23.237
"2274",16.654
"2275",27.457
"2276",20.704
"2277",24.18
"2278",21.214
"2279",20.57
"2280",23.771
"2281",22.444
"2282",20.945
"2283",23.66
"2284",27.122
"2285",23.889
"2286",19.822
"2287",13.309
"2288",23.43
"2289",23.472
"2290",19.111
"2291",27.175
"2292",22.669
"2293",21.99
"2294",20.238
"2295",23.42
"2296",24.714
"2297",22.341
"2298",24.803
"2299",22.465
"2300",24.92
"2301",23.767
"2302",23.752
"2303",22.79
"2304",24.859
"2305",20.779
"2306",20.619
"2307",21.114
"2308",27.004
"2309",15.313
"2310",23.88
"2311",21.554
"2312",24.196
"2313",21.924
"2314",25.663
"2315",23.604
"2316",20.738
"2317",25.58
"2318",20.605
"2319",28.697
"2320",25.91
"2321",22.423
"2322",24.916
"2323",21.706
"2324",21.862
"2325",19.232
"2326",16.257
"2327",18.093
"2328",24.062
"2329",23.627
"2330",24.871
"2331",22.865
"2332",20.92
"2333",21.924
"2334",24.65
"2335",21.148
"2336",21.349
"2337",18.466
"2338",24.913
"2339",21.298
"2340",21.958
"2341",24.715
"2342",24.347
"2343",19.667
"2344",26.657
"2345",22.716
"2346",24.815
"2347",21.655
"2348",25.609
"2349",16.365
"2350",23.154
"2351",20.226
"2352",23.084
"2353",21.243
"2354",24.435
"2355",22.617
"2356",25.941
"2357",15.494
"2358",21.083
"2359",23.517
"2360",25.444
"2361",19.133
"2362",24.019
"2363",21.444
"2364",21.094
"2365",21.57
"2366",23.837
"2367",23.847
"2368",20.697
"2369",23.129
"2370",23.43
"2371",19.083
"2372",24.826
"2373",28.167
"2374",25.029
"2375",24.71
"2376",21.65
"2377",24.893
"2378",23.872
"2379",21.012
"2380",21.654
"2381",22.752
"2382",26.573
"2383",19.865
"2384",22.746
"2385",16.141
"2386",22.989
"2387",20.03
"2388",23.151
"2389",26.92
"2390",14.842
"2391",23.132
"2392",20.98
"2393",24.05
"2394",23.274
"2395",23.964
"2396",20.426
"2397",21.96
"2398",17.445
"2399",24.649
"2400",18.117
"2401",21.603
"2402",21.22
"2403",23.466
"2404",18.872
"2405",15.21
"2406",24.533
"2407",25.565
"2408",18.942
"2409",25.275
"2410",26.67
"2411",20.995
"2412",22.112
"2413",22.059
"2414",20.637
"2415",20.613
"2416",20.829
"2417",20.67
"2418",24.623
"2419",19.415
"2420",23.828
"2421",20.768
"2422",24.651
"2423",19.555
"2424",26.828
"2425",27.753
"2426",22.789
"2427",20.56
"2428",23.998
"2429",22.392
"2430",13.947
"2431",15.804
"2432",26.697
"2433",17.906
"2434",11.83
"2435",24.917
"2436",19.499
"2437",20.808
"2438",27.102
"2439",22.561
"2440",19.44
"2441",22.949
"2442",24.345
"2443",23.662
"2444",26.111
"2445",22.446
"2446",22.917
"2447",22.712
"2448",24.871
"2449",21.41
"2450",20.529
"2451",20.167
"2452",21.069
"2453",22.524
"2454",26.529
"2455",25.808
"2456",22.726
"2457",27.037
"2458",24.839
"2459",21.492
"2460",17.054
"2461",23.099
"2462",19.448
"2463",22.348
"2464",23.88
"2465",24.663
"2466",24.791
"2467",22.775
"2468",28.155
"2469",25.024
"2470",25.663
"2471",20.315
"2472",20.011
"2473",17.126
"2474",23.864
"2475",22.88
"2476",21.83
"2477",25.329
"2478",24.622
"2479",27.094
"2480",25.719
"2481",21.139
"2482",23.855
"2483",23.967
"2484",26.391
"2485",21.259
"2486",20.305
"2487",23.072
"2488",20.771
"2489",22.195
"2490",23.061
"2491",19.566
"2492",23.191
"2493",22.16
"2494",21.588
"2495",21.51
"2496",26.002
"2497",19.761
"2498",22.817
"2499",21.172
"2500",20.481
"2501",24.3
"2502",21.116
"2503",22.926
"2504",24.869
"2505",26.289
"2506",26.878
"2507",21.901
"2508",22.339
"2509",25.936
"2510",21.497
"2511",21.624
"2512",22.713
"2513",25.531
"2514",22.634
"2515",20.228
"2516",25.938
"2517",20.769
"2518",22.476
"2519",21.615
"2520",23.747
"2521",19.361
"2522",22.863
"2523",23.751
"2524",17.814
"2525",20.843
"2526",20.105
"2527",25.542
"2528",26.482
"2529",22.138
"2530",19.07
"2531",21.155
"2532",21.674
"2533",23.82
"2534",20.073
"2535",25.29
"2536",24.912
"2537",24.462
"2538",26.038
"2539",26.471
"2540",20.597
"2541",20.19
"2542",24.371
"2543",22.21
"2544",27.12
"2545",23.534
"2546",20.428
"2547",19.269
"2548",24.645
"2549",26.183
"2550",24.806
"2551",15.587
"2552",22.509
"2553",22.646
"2554",23.096
"2555",21.441
"2556",27.349
"2557",22.445
"2558",23.689
"2559",18.905
"2560",21.528
"2561",24.005
"2562",23.492
"2563",24.542
"2564",25.391
"2565",23.675
"2566",20.73
"2567",27.043
"2568",22.7
"2569",25.416
"2570",22.616
"2571",23.658
"2572",22.404
"2573",23.331
"2574",20.447
"2575",26.054
"2576",26.035
"2577",20.377
"2578",22.788
"2579",27.139
"2580",21.407
"2581",20.466
"2582",23.809
"2583",23.811
"2584",21.692
"2585",16.385
"2586",19.066
"2587",20.92
"2588",21.04
"2589",19.099
"2590",17.225
"2591",25.571
"2592",22.506
"2593",27.358
"2594",24.637
"2595",21.735
"2596",25.968
"2597",22.888
"2598",22.61
"2599",24.317
"2600",23.617
"2601",25.48
"2602",27.776
"2603",21.74
"2604",25.066
"2605",23.021
"2606",22.611
"2607",22.576
"2608",18.855
"2609",21.928
"2610",28.189
"2611",18.066
"2612",26.211
"2613",19.208
"2614",20.374
"2615",20.486
"2616",22.155
"2617",20.512
"2618",23.186
"2619",24.78
"2620",24.641
"2621",23.456
"2622",22.584
"2623",23.034
"2624",21.521
"2625",20.498
"2626",25.691
"2627",24.502
"2628",22.006
"2629",21.376
"2630",23.664
"2631",25.925
"2632",29.05
"2633",24.043
"2634",25.719
"2635",25.173
"2636",27.893
"2637",23.119
"2638",21.481
"2639",19.341
"2640",23.254
"2641",22.227
"2642",24.002
"2643",20.43
"2644",21.749
"2645",25.922
"2646",24.88
"2647",23.999
"2648",22.353
"2649",21.118
"2650",22.357
"2651",22.321
"2652",20.59
"2653",21.704
"2654",24.373
"2655",22.489
"2656",22.332
"2657",22.357
"2658",21.306
"2659",22.803
"2660",22.349
"2661",24.057
"2662",23.472
"2663",19.949
"2664",17.701
"2665",23.765
"2666",23.438
"2667",22.914
"2668",18.55
"2669",21.419
"2670",26.944
"2671",18.486
"2672",22.751
"2673",26.937
"2674",23.929
"2675",26.935
"2676",23.63
"2677",20.988
"2678",26.352
"2679",22.813
"2680",26.883
"2681",23.654
"2682",19.99
"2683",15.395
"2684",26.214
"2685",23.065
"2686",24.027
"2687",22.718
"2688",24.798
"2689",20.745
"2690",23.779
"2691",21.071
"2692",21.986
"2693",24.283
"2694",25.904
"2695",22.105
"2696",21.551
"2697",18.921
"2698",27.175
"2699",23.265
"2700",26.856
"2701",24.586
"2702",26.792
"2703",25.708
"2704",24.709
"2705",21.743
"2706",25.847
"2707",20.437
"2708",22.201
"2709",20.156
"2710",22.317
"2711",28.293
"2712",21.269
"2713",22.197
"2714",22.611
"2715",23.788
"2716",22.478
"2717",19.408
"2718",20.318
"2719",23.347
"2720",21.6
"2721",18.808
"2722",21.698
"2723",21.365
"2724",22.155
"2725",19.668
"2726",21.158
"2727",24.981
"2728",17.324
"2729",18.957
"2730",21.825
"2731",18.004
"2732",23.166
"2733",22.926
"2734",21.611
"2735",22.487
"2736",22.934
"2737",26.586
"2738",24.075
"2739",23.824
"2740",23.689
"2741",21.149
"2742",20.355
"2743",24.619
"2744",22.811
"2745",19.657
"2746",23.693
"2747",23.187
"2748",26.41
"2749",27.581
"2750",23.476
"2751",19.99
"2752",22.09
"2753",25.722
"2754",22.435
"2755",21.585
"2756",23.094
"2757",23.163
"2758",22.907
"2759",22.089
"2760",25.34
"2761",25.877
"2762",19.797
"2763",21.23
"2764",23.141
"2765",25.551
"2766",18.573
"2767",19.723
"2768",19.962
"2769",22.356
"2770",20.821
"2771",23.849
"2772",24.98
"2773",23.12
"2774",23.862
"2775",22.872
"2776",22.038
"2777",27.589
"2778",22.401
"2779",20.275
"2780",16.852
"2781",21.077
"2782",24.646
"2783",18.733
"2784",20.406
"2785",20.521
"2786",22.636
"2787",22.704
"2788",25.153
"2789",24.345
"2790",20.391
"2791",23.841
"2792",21.617
"2793",21.54
"2794",25.918
"2795",20.967
"2796",24.011
"2797",22.772
"2798",20.779
"2799",15.819
"2800",24.554
"2801",23.603
"2802",25.153
"2803",21.581
"2804",21.769
"2805",26.146
"2806",20.589
"2807",21.053
"2808",23.991
"2809",25.885
"2810",24.106
"2811",21.953
"2812",26.846
"2813",21.871
"2814",25.491
"2815",22.017
"2816",18.742
"2817",24.105
"2818",22.074
"2819",20.145
"2820",18.74
"2821",23.211
"2822",20.256
"2823",23.038
"2824",21.562
"2825",25.347
"2826",23.153
"2827",22.325
"2828",26.899
"2829",20.912
"2830",27.391
"2831",27.117
"2832",22.94
"2833",24.497
"2834",20.761
"2835",20.6
"2836",23.375
"2837",23.631
"2838",27.225
"2839",24.355
"2840",24.458
"2841",19.925
"2842",26.34
"2843",17.05
"2844",24.476
"2845",25.952
"2846",21.575
"2847",25.714
"2848",21.562
"2849",27.013
"2850",21.504
"2851",26.332
"2852",20.012
"2853",19.78
"2854",23.981
"2855",23.787
"2856",22.884
"2857",25.742
"2858",20.683
"2859",18.331
"2860",24.749
"2861",21.745
"2862",26.463
"2863",22.55
"2864",24.785
"2865",19.728
"2866",24.828
"2867",22.808
"2868",22.793
"2869",18.497
"2870",26.73
"2871",23.28
"2872",26.013
"2873",17.174
"2874",15.717
"2875",22.583
"2876",23.852
"2877",26.333
"2878",25.853
"2879",23.343
"2880",21.642
"2881",23.604
"2882",20.688
"2883",18.096
"2884",22.548
"2885",18.643
"2886",23.14
"2887",21.789
"2888",22.901
"2889",24.91
"2890",27.207
"2891",24.68
"2892",22.725
"2893",21.149
"2894",16.65
"2895",21.341
"2896",24.618
"2897",21.016
"2898",22.713
"2899",23.68
"2900",24.802
"2901",19.249
"2902",20.613
"2903",23.072
"2904",27.004
"2905",24.449
"2906",19.593
"2907",23.152
"2908",24.56
"2909",16.63
"2910",20.739
"2911",22.638
"2912",26.386
"2913",24.21
"2914",23.931
"2915",23.854
"2916",24.809
"2917",21.773
"2918",24.612
"2919",25.291
"2920",22.642
"2921",26.665
"2922",21.826
"2923",24.06
"2924",21.785
"2925",23.718
"2926",21.006
"2927",23.066
"2928",23.899
"2929",23.725
"2930",23.924
"2931",20.728
"2932",22.29
"2933",20.582
"2934",26.17
"2935",22.323
"2936",22.209
"2937",19.061
"2938",19.984
"2939",21.329
"2940",22.321
"2941",23.494
"2942",26.068
"2943",23.837
"2944",24.366
"2945",24.635
"2946",22.073
"2947",22.008
"2948",24.758
"2949",21.781
"2950",24.298
"2951",21.762
"2952",19.369
"2953",25.469
"2954",24.579
"2955",23.087
"2956",25.037
"2957",26.035
"2958",20.574
"2959",23.639
"2960",20.206
"2961",23.005
"2962",24.152
"2963",25.227
"2964",22.134
"2965",25.458
"2966",20.87
"2967",22.4
"2968",23.263
"2969",24.491
"2970",22.129
"2971",19.498
"2972",24.078
"2973",24.028
"2974",21.942
"2975",24.374
"2976",22.009
"2977",25.743
"2978",19.661
"2979",24.468
"2980",26.493
"2981",20.962
"2982",22.012
"2983",22.303
"2984",23.482
"2985",22.549
"2986",19.069
"2987",23.102
"2988",27.237
"2989",20.637
"2990",24.279
"2991",21.33
"2992",21.058
"2993",26.415
"2994",22.132
"2995",27.471
"2996",19.986
"2997",26.621
"2998",23.311
"2999",25.524
"3000",22.323
"3001",23.26
"3002",20.803
"3003",16.686
"3004",20.16
"3005",20.475
"3006",24.813
"3007",24.102
"3008",21.778
"3009",21.044
"3010",20.277
"3011",19.06
"3012",19.64
"3013",22.779
"3014",19.97
"3015",18.341
"3016",18.53
"3017",26.492
"3018",14.152
"3019",23.453
"3020",17.208
"3021",18.947
"3022",24.111
"3023",21.389
"3024",22.178
"3025",25.421
"3026",21.994
"3027",21.317
"3028",20.208
"3029",17.891
"3030",24.564
"3031",20.625
"3032",19.279
"3033",22.74
"3034",23.803
"3035",25.69
"3036",23.322
"3037",22.055
"3038",19.817
"3039",19.798
"3040",25.113
"3041",23.736
"3042",23.836
"3043",26.919
"3044",22.165
"3045",26.457
"3046",26.195
"3047",24.263
"3048",20.187
"3049",23.98
"3050",21.947
"3051",22.076
"3052",24.875
"3053",23.499
"3054",24.761
"3055",23.147
"3056",26.329
"3057",19.9
"3058",24.358
"3059",23.178
"3060",18.579
"3061",25.554
"3062",20.431
"3063",21.806
"3064",25.984
"3065",25.036
"3066",18.012
"3067",24.581
"3068",20.49
"3069",24.883
"3070",23.638
"3071",23.921
"3072",23.701
"3073",23.524
"3074",19.068
"3075",22.177
"3076",17.734
"3077",22.059
"3078",25.71
"3079",23.611
"3080",17.429
"3081",23.165
"3082",23.104
"3083",24.327
"3084",23.091
"3085",25.408
"3086",26.089
"3087",21.745
"3088",21.623
"3089",21.471
"3090",20.888
"3091",22.11
"3092",22.803
"3093",23.93
"3094",14.681
"3095",17.893
"3096",23.507
"3097",20.726
"3098",21.799
"3099",22.309
"3100",20.602
"3101",19.589
"3102",24.367
"3103",20.474
"3104",22.09
"3105",23.567
"3106",23.726
"3107",20.928
"3108",21.782
"3109",21.044
"3110",19.41
"3111",16.716
"3112",27.195
"3113",17.539
"3114",17.428
"3115",18.731
"3116",23.999
"3117",24.543
"3118",19.821
"3119",22.949
"3120",21.273
"3121",21.148
"3122",16.315
"3123",21.431
"3124",22.79
"3125",27.148
"3126",26.024
"3127",24.212
"3128",25.265
"3129",25.201
"3130",23.36
"3131",22.553
"3132",24.936
"3133",24.738
"3134",15.616
"3135",23.751
"3136",26.355
"3137",23.046
"3138",25.587
"3139",19.014
"3140",19.466
"3141",27.293
"3142",20.51
"3143",21.484
"3144",23.679
"3145",21.781
"3146",22.177
"3147",19.518
"3148",21.396
"3149",21.295
"3150",20.649
"3151",21.384
"3152",20.676
"3153",25.894
"3154",21.386
"3155",20.89
"3156",26.057
"3157",22.206
"3158",26.586
"3159",15.501
"3160",20.493
"3161",24.332
"3162",17.622
"3163",24.032
"3164",25.785
"3165",21.12
"3166",19.832
"3167",20.221
"3168",21.345
"3169",23.517
"3170",21.627
"3171",22.307
"3172",23.383
"3173",26.51
"3174",26.514
"3175",19.289
"3176",23.175
"3177",21.508
"3178",20.565
"3179",16.765
"3180",26.528
"3181",20.083
"3182",19.214
"3183",24.533
"3184",25.07
"3185",21.154
"3186",22.494
"3187",18.83
"3188",24.257
"3189",24.163
"3190",23.399
"3191",21.886
"3192",19.021
"3193",24.388
"3194",24.286
"3195",23.587
"3196",20.47
"3197",25.83
"3198",25.147
"3199",27.766
"3200",23.628
"3201",20.473
"3202",22.695
"3203",27.467
"3204",24.412
"3205",20.217
"3206",24.517
"3207",25.147
"3208",21.265
"3209",20.256
"3210",23.645
"3211",21.906
"3212",22.802
"3213",21.101
"3214",23.5
"3215",20.444
"3216",26.22
"3217",16.803
"3218",24.413
"3219",19.74
"3220",25.265
"3221",22.276
"3222",22.21
"3223",20.829
"3224",22.158
"3225",25.543
"3226",23.209
"3227",24.14
"3228",21.785
"3229",21.484
"3230",22.73
"3231",15.736
"3232",22.366
"3233",26.471
"3234",26.43
"3235",24.858
"3236",17.335
"3237",23.668
"3238",21.603
"3239",23.915
"3240",22.451
"3241",23.851
"3242",20.278
"3243",23.571
"3244",22.933
"3245",23.784
"3246",23.608
"3247",27.131
"3248",22.913
"3249",23.787
"3250",23.185
"3251",20.236
"3252",26.419
"3253",23.464
"3254",24.166
"3255",22.548
"3256",20.884
"3257",22.791
"3258",18.268
"3259",26.894
"3260",26.468
"3261",19.929
"3262",26.944
"3263",21.999
"3264",24.24
"3265",18.805
"3266",25.633
"3267",19.146
"3268",18.004
"3269",19.364
"3270",21.857
"3271",24.143
"3272",23.51
"3273",24.786
"3274",23.955
"3275",20.617
"3276",16.761
"3277",23.658
"3278",25.122
"3279",23.153
"3280",22.442
"3281",22.782
"3282",25.857
"3283",22.769
"3284",21.821
"3285",19.742
"3286",20.434
"3287",24.031
"3288",22.315
"3289",23.155
"3290",25.413
"3291",25.43
"3292",21.175
"3293",13.506
"3294",22.606
"3295",25.828
"3296",19.867
"3297",24.164
"3298",25.766
"3299",23.023
"3300",23.942
"3301",16.532
"3302",17.744
"3303",24.361
"3304",24.699
"3305",21.452
"3306",21.74
"3307",24.66
"3308",27.542
"3309",25.011
"3310",24.113
"3311",20.081
"3312",20.08
"3313",22
"3314",22.798
"3315",26.401
"3316",19.644
"3317",24.622
"3318",23.214
"3319",22.859
"3320",24.533
"3321",22.592
"3322",26.274
"3323",23.75
"3324",24.897
"3325",21.225
"3326",24.244
"3327",21.647
"3328",25.063
"3329",19.278
"3330",22.978
"3331",25.37
"3332",21.748
"3333",20.577
"3334",21.9
"3335",21.58
"3336",24.153
"3337",22.978
"3338",25.864
"3339",22.954
"3340",25.814
"3341",26.039
"3342",21.972
"3343",23.989
"3344",26.844
"3345",20.956
"3346",23.122
"3347",21.102
"3348",25.576
"3349",22.595
"3350",24.284
"3351",23.652
"3352",22.097
"3353",26.643
"3354",19.352
"3355",26.12
"3356",23.675
"3357",27.009
"3358",19.087
"3359",17.684
"3360",20.581
"3361",25.994
"3362",24.286
"3363",24.636
"3364",23.286
"3365",22.692
"3366",22.908
"3367",20.602
"3368",18.939
"3369",26.457
"3370",21.41
"3371",21.931
"3372",22.543
"3373",19.044
"3374",26.288
"3375",25.192
"3376",23.917
"3377",24.565
"3378",22.156
"3379",25.424
"3380",21.858
"3381",20.215
"3382",19.627
"3383",24.384
"3384",24.014
"3385",22.512
"3386",19.573
"3387",21.641
"3388",26.301
"3389",20.865
"3390",26.499
"3391",24.901
"3392",20.312
"3393",21.876
"3394",22.676
"3395",23.208
"3396",21.383
"3397",24.235
"3398",24.108
"3399",23.984
"3400",19.564
"3401",22.119
"3402",24.786
"3403",24.714
"3404",18.28
"3405",24.643
"3406",21.464
"3407",22.123
"3408",23.304
"3409",22.724
"3410",17.54
"3411",26.798
"3412",22.96
"3413",19.831
"3414",25.694
"3415",24.03
"3416",25.06
"3417",22.738
"3418",23.089
"3419",22.255
"3420",23.867
"3421",20.687
"3422",18.612
"3423",22.836
"3424",21.288
"3425",22.811
"3426",21.181
"3427",24.252
"3428",20.311
"3429",19.843
"3430",26.118
"3431",25.621
"3432",17.531
"3433",23.88
"3434",23.364
"3435",21.694
"3436",25.84
"3437",19.93
"3438",21.632
"3439",24.678
"3440",26.223
"3441",19.806
"3442",20.779
"3443",22.786
"3444",24.98
"3445",18.424
"3446",20.541
"3447",22.397
"3448",19.871
"3449",23.826
"3450",23.418
"3451",21.386
"3452",20.171
"3453",26.48
"3454",20.423
"3455",18.053
"3456",25.516
"3457",25.968
"3458",23.094
"3459",27.069
"3460",23.823
"3461",18.501
"3462",20.87
"3463",25.567
"3464",23.659
"3465",24.437
"3466",22.538
"3467",24.562
"3468",22.326
"3469",25.327
"3470",21.476
"3471",24.778
"3472",21.2
"3473",26.34
"3474",20.666
"3475",25.269
"3476",29.337
"3477",23.249
"3478",19.496
"3479",22.367
"3480",23.782
"3481",22.818
"3482",20.734
"3483",25.226
"3484",23.657
"3485",21.321
"3486",16.621
"3487",17.906
"3488",22.91
"3489",24.32
"3490",21.146
"3491",23.87
"3492",22.484
"3493",25.175
"3494",18.21
"3495",20.415
"3496",21.461
"3497",21.473
"3498",25.605
"3499",26.107
"3500",20.969
"3501",25.18
"3502",21.568
"3503",25.299
"3504",23.529
"3505",25.422
"3506",15.357
"3507",19.944
"3508",23.449
"3509",20.979
"3510",24.195
"3511",23.509
"3512",26.86
"3513",24.385
"3514",26.702
"3515",18.075
"3516",25.017
"3517",23.031
"3518",22.764
"3519",22.079
"3520",26.387
"3521",19.058
"3522",22.996
"3523",20.27
"3524",22.117
"3525",24.532
"3526",23.595
"3527",19.821
"3528",22.047
"3529",20.574
"3530",26.87
"3531",24.756
"3532",27.028
"3533",23.86
"3534",24.148
"3535",23.116
"3536",22.782
"3537",20.386
"3538",19.793
"3539",20.58
"3540",23.628
"3541",24.527
"3542",20.109
"3543",18.091
"3544",21.76
"3545",23.373
"3546",21.62
"3547",26.202
"3548",25.849
"3549",22.914
"3550",20.664
"3551",22.383
"3552",22.828
"3553",22.448
"3554",22.499
"3555",23.282
"3556",25.687
"3557",21.19
"3558",23.424
"3559",23.113
"3560",22.793
"3561",22.709
"3562",25.86
"3563",20.669
"3564",26.037
"3565",23.462
"3566",24.064
"3567",19.427
"3568",24.914
"3569",24.911
"3570",23.582
"3571",23.487
"3572",27.237
"3573",25.057
"3574",20.682
"3575",21.72
"3576",21.477
"3577",26.817
"3578",25.716
"3579",22.506
"3580",22.427
"3581",23.286
"3582",22.501
"3583",22.837
"3584",24.322
"3585",21.191
"3586",19.176
"3587",21.329
"3588",21.623
"3589",19.438
"3590",26.692
"3591",22.666
"3592",25.985
"3593",20.821
"3594",22.735
"3595",24.878
"3596",25.785
"3597",25.623
"3598",26.615
"3599",24.774
"3600",22.522
"3601",25.368
"3602",19.779
"3603",23.433
"3604",24.936
"3605",22.035
"3606",19.388
"3607",19.531
"3608",21.547
"3609",21.974
"3610",22.803
"3611",21.96
"3612",22.963
"3613",18.176
"3614",18.948
"3615",19.969
"3616",19.431
"3617",21.97
"3618",25.092
"3619",22.799
"3620",23.147
"3621",23.172
"3622",26.012
"3623",21.069
"3624",22.51
"3625",22.438
"3626",24.644
"3627",23.126
"3628",24.712
"3629",21.154
"3630",21.597
"3631",19.262
"3632",21.956
"3633",24.449
"3634",26.203
"3635",23.807
"3636",27.418
"3637",21.279
"3638",22.712
"3639",18.658
"3640",18.947
"3641",22.213
"3642",25.535
"3643",20.779
"3644",19.742
"3645",18.024
"3646",23.583
"3647",25.889
"3648",23.283
"3649",25.109
"3650",19.411
"3651",22.737
"3652",25.019
"3653",22.553
"3654",25.125
"3655",21.668
"3656",23.182
"3657",22.474
"3658",25.632
"3659",25.977
"3660",20.618
"3661",20.712
"3662",20.556
"3663",24.92
"3664",25.075
"3665",19.811
"3666",23.021
"3667",23.928
"3668",24.051
"3669",21.739
"3670",20.363
"3671",24.646
"3672",22.76
"3673",18.641
"3674",20.386
"3675",24.743
"3676",22.717
"3677",25.682
"3678",22.044
"3679",23.162
"3680",22.326
"3681",24.874
"3682",23.11
"3683",22.311
"3684",21.778
"3685",26.231
"3686",25.023
"3687",23.363
"3688",22.29
"3689",23.746
"3690",23.266
"3691",20.802
"3692",20.926
"3693",23.516
"3694",24.967
"3695",19.726
"3696",26.45
"3697",23.24
"3698",26.621
"3699",25.309
"3700",26.145
"3701",21.1
"3702",19.407
"3703",24.957
"3704",22.405
"3705",23.616
"3706",22.547
"3707",18.494
"3708",25.849
"3709",24.037
"3710",20.044
"3711",23.298
"3712",18.343
"3713",19.881
"3714",22.506
"3715",23.722
"3716",26.643
"3717",23.058
"3718",22.026
"3719",25.775
"3720",21.764
"3721",23.453
"3722",20.27
"3723",22.6
"3724",24.55
"3725",20.414
"3726",15.845
"3727",23.075
"3728",22.562
"3729",23.54
"3730",25.121
"3731",22.099
"3732",23.26
"3733",23.38
"3734",22.796
"3735",17.949
"3736",22.736
"3737",24.887
"3738",21.604
"3739",22.779
"3740",24.609
"3741",23.55
"3742",23.798
"3743",19.909
"3744",19.979
"3745",24.029
"3746",24.599
"3747",22.501
"3748",23.481
"3749",20.611
"3750",19.523
"3751",23.071
"3752",19.994
"3753",23.875
"3754",25.114
"3755",23.537
"3756",24.891
"3757",20.328
"3758",22.021
"3759",26.242
"3760",22.022
"3761",21.229
"3762",21.619
"3763",22.188
"3764",21.563
"3765",24.687
"3766",20.88
"3767",21.692
"3768",15.39
"3769",25.218
"3770",20.586
"3771",18.941
"3772",21.968
"3773",25.235
"3774",21.775
"3775",24.247
"3776",21.634
"3777",26.394
"3778",22.466
"3779",21.065
"3780",20.06
"3781",21.777
"3782",21.513
"3783",25.839
"3784",25.38
"3785",24.571
"3786",19.392
"3787",23.29
"3788",20.405
"3789",24.199
"3790",25.32
"3791",18.844
"3792",21.401
"3793",17.907
"3794",20.246
"3795",19.011
"3796",21.097
"3797",22.901
"3798",24.175
"3799",20.511
"3800",24.333
"3801",23.96
"3802",23.758
"3803",26.008
"3804",22.931
"3805",26.382
"3806",18.178
"3807",26.418
"3808",19.523
"3809",26.353
"3810",23.91
"3811",23.803
"3812",26.81
"3813",23.556
"3814",22.557
"3815",22.347
"3816",22.302
"3817",21.704
"3818",18.794
"3819",20.847
"3820",20.715
"3821",24.464
"3822",25.979
"3823",23.854
"3824",26.637
"3825",26.34
"3826",21.974
"3827",25.238
"3828",22.531
"3829",21.087
"3830",21.599
"3831",24.227
"3832",23.124
"3833",24.087
"3834",23.699
"3835",21.314
"3836",24.706
"3837",23
"3838",20.842
"3839",20.32
"3840",26.36
"3841",22.539
"3842",17.455
"3843",20.85
"3844",26.534
"3845",22.026
"3846",18.588
"3847",21.46
"3848",21.539
"3849",23.622
"3850",25.018
"3851",24.312
"3852",20.256
"3853",22.699
"3854",19.232
"3855",23.061
"3856",25.11
"3857",22.082
"3858",21.93
"3859",24.522
"3860",20.86
"3861",19.17
"3862",23.815
"3863",26.015
"3864",21.61
"3865",22.739
"3866",22.523
"3867",18.275
"3868",20.965
"3869",21.559
"3870",25.172
"3871",22.89
"3872",24.136
"3873",26.452
"3874",25.273
"3875",22.365
"3876",19.631
"3877",22.891
"3878",21.45
"3879",23.819
"3880",19.009
"3881",23.626
"3882",24.28
"3883",23.776
"3884",18.848
"3885",24.292
"3886",25.472
"3887",24.661
"3888",26.221
"3889",22.393
"3890",22.227
"3891",25.969
"3892",23.048
"3893",23.246
"3894",23.241
"3895",23.784
"3896",18.707
"3897",23.532
"3898",23.755
"3899",23.897
"3900",20.354
"3901",27.842
"3902",21.996
"3903",25.664
"3904",21.944
"3905",22.324
"3906",20.864
"3907",23.775
"3908",25.195
"3909",22.114
"3910",19.742
"3911",26.456
"3912",23.346
"3913",24.436
"3914",21.505
"3915",22.416
"3916",20.347
"3917",19.609
"3918",21.936
"3919",19.947
"3920",22.107
"3921",18.064
"3922",18.242
"3923",21.055
"3924",21.812
"3925",23.277
"3926",23.475
"3927",24.204
"3928",24.015
"3929",23.414
"3930",19.122
"3931",25.982
"3932",21.899
"3933",20.595
"3934",23.527
"3935",20.988
"3936",24.488
"3937",20.05
"3938",21.29
"3939",22.765
"3940",22.591
"3941",25.347
"3942",20.043
"3943",22.133
"3944",21.052
"3945",20.131
"3946",23.812
"3947",25.118
"3948",25.952
"3949",22.313
"3950",24.973
"3951",21.687
"3952",26.437
"3953",26.012
"3954",25.657
"3955",24.916
"3956",22.806
"3957",21.277
"3958",22.796
"3959",26.072
"3960",25.281
"3961",25.421
"3962",25.031
"3963",21.255
"3964",20.87
"3965",18.346
"3966",17.051
"3967",21.742
"3968",19.191
"3969",25.627
"3970",24.416
"3971",18.104
"3972",24.746
"3973",22.082
"3974",22.525
"3975",23.536
"3976",20.558
"3977",23.642
"3978",24.879
"3979",17.306
"3980",20.618
"3981",24.382
"3982",18.869
"3983",21.52
"3984",21.422
"3985",24.449
"3986",22.436
"3987",20.751
"3988",24.77
"3989",25.088
"3990",23.161
"3991",17.935
"3992",16.725
"3993",22.272
"3994",22.198
"3995",23.016
"3996",26.103
"3997",24.291
"3998",24.053
"3999",22.534
"4000",21.58
"4001",25.082
"4002",19.116
"4003",25.613
"4004",22.72
"4005",25.213
"4006",22.096
"4007",21.052
"4008",18.974
"4009",25.255
"4010",25.023
"4011",22.804
"4012",24.422
"4013",19.138
"4014",26.302
"4015",25.074
"4016",20.958
"4017",22.661
"4018",23.738
"4019",24.253
"4020",22.733
"4021",22.283
"4022",20.909
"4023",21.02
"4024",22.744
"4025",24.058
"4026",28.543
"4027",22.261
"4028",21.265
"4029",22.745
"4030",19.196
"4031",21.78
"4032",24.444
"4033",21.862
"4034",22.975
"4035",23.052
"4036",24.067
"4037",19.824
"4038",22.718
"4039",23.518
"4040",22.269
"4041",23.092
"4042",21.415
"4043",25.422
"4044",20.063
"4045",22.671
"4046",23.356
"4047",21.632
"4048",21.25
"4049",21.151
"4050",20.645
"4051",23.71
"4052",27.141
"4053",22.831
"4054",24.129
"4055",22.187
"4056",19.68
"4057",19.671
"4058",23.804
"4059",24.117
"4060",22.417
"4061",23.295
"4062",20.17
"4063",25.172
"4064",21.232
"4065",22.872
"4066",26.079
"4067",20.09
"4068",22.228
"4069",21.215
"4070",22.585
"4071",23.893
"4072",24.309
"4073",24.63
"4074",25.483
"4075",19.18
"4076",20.956
"4077",25.486
"4078",24.102
"4079",22.449
"4080",16.972
"4081",21.261
"4082",24.742
"4083",26.664
"4084",22.97
"4085",23.456
"4086",22.503
"4087",22.66
"4088",25.184
"4089",24.012
"4090",16.465
"4091",22.447
"4092",26.023
"4093",23.209
"4094",23.461
"4095",24.415
"4096",19.407
"4097",25.05
"4098",25.83
"4099",20.369
"4100",23.49
"4101",22.328
"4102",23.622
"4103",23.338
"4104",19.139
"4105",24.786
"4106",19.889
"4107",28.478
"4108",22.201
"4109",24.644
"4110",22.392
"4111",26.348
"4112",21.428
"4113",25.693
"4114",18.003
"4115",25.98
"4116",24.827
"4117",25.707
"4118",20.238
"4119",23.645
"4120",18.695
"4121",22.003
"4122",20.687
"4123",26.734
"4124",19.157
"4125",20.81
"4126",24.665
"4127",26.385
"4128",23.547
"4129",21.662
"4130",24.285
"4131",23.696
"4132",25.879
"4133",21.96
"4134",18.919
"4135",24.255
"4136",25.102
"4137",26.898
"4138",25.268
"4139",23.464
"4140",21.673
"4141",22.756
"4142",20.763
"4143",23.465
"4144",23.221
"4145",23.806
"4146",22.138
"4147",26.861
"4148",19.153
"4149",20.507
"4150",22.878
"4151",24.01
"4152",21.626
"4153",23.765
"4154",21.858
"4155",22.98
"4156",21.173
"4157",22.64
"4158",20.568
"4159",17.293
"4160",22.628
"4161",23.724
"4162",18.88
"4163",21.413
"4164",22.558
"4165",23.781
"4166",20.78
"4167",17.415
"4168",21.867
"4169",22.123
"4170",26.187
"4171",26.516
"4172",25.436
"4173",21.83
"4174",21.361
"4175",21.279
"4176",20.113
"4177",22.957
"4178",20.46
"4179",23.013
"4180",23.426
"4181",24.062
"4182",21.478
"4183",23.376
"4184",23.267
"4185",16.363
"4186",25.756
"4187",25.884
"4188",25.738
"4189",24.395
"4190",21.324
"4191",22.741
"4192",22.142
"4193",23.911
"4194",21.923
"4195",21.465
"4196",22.086
"4197",21.004
"4198",21.455
"4199",23.28
"4200",25.3
"4201",19.432
"4202",24.6
"4203",21.653
"4204",27.029
"4205",23.819
"4206",26.296
"4207",23.448
"4208",26.65
"4209",23.926
"4210",22.8
"4211",20.714
"4212",19.422
"4213",21.006
"4214",22.494
"4215",23.19
"4216",24.504
"4217",24.209
"4218",27.863
"4219",21.983
"4220",23.334
"4221",21.183
"4222",21.245
"4223",25.069
"4224",26.711
"4225",21.98
"4226",25.293
"4227",23.334
"4228",24.544
"4229",24.218
"4230",19.935
"4231",21.406
"4232",24.27
"4233",21.463
"4234",23.453
"4235",20.04
"4236",23.355
"4237",26.288
"4238",21.488
"4239",19.335
"4240",24.222
"4241",22.845
"4242",24.038
"4243",23.487
"4244",18.423
"4245",22.616
"4246",24.754
"4247",22.421
"4248",23.394
"4249",24.395
"4250",24.188
"4251",24.427
"4252",18.975
"4253",25.348
"4254",26.364
"4255",18.15
"4256",24.116
"4257",22.82
"4258",22.421
"4259",22.671
"4260",20.528
"4261",23.571
"4262",20.018
"4263",22.077
"4264",21.663
"4265",20.76
"4266",23.349
"4267",23.57
"4268",22.699
"4269",22.839
"4270",22.162
"4271",23.849
"4272",18.902
"4273",23.944
"4274",19.871
"4275",20.733
"4276",22.133
"4277",22.814
"4278",22.631
"4279",20.987
"4280",20.069
"4281",18.178
"4282",23.511
"4283",24.185
"4284",26.008
"4285",23.832
"4286",24.642
"4287",18.854
"4288",24.448
"4289",24.436
"4290",20.862
"4291",25.145
"4292",25.28
"4293",27.618
"4294",24.082
"4295",25.528
"4296",22.186
"4297",22.6
"4298",22.12
"4299",16.378
"4300",21.218
"4301",23.053
"4302",23.33
"4303",19.054
"4304",23.58
"4305",24.304
"4306",23.613
"4307",20.531
"4308",21.095
"4309",20.379
"4310",23.554
"4311",16.426
"4312",20.515
"4313",22.523
"4314",20.981
"4315",22.593
"4316",21.433
"4317",22.431
"4318",21.638
"4319",25.807
"4320",26.531
"4321",22.565
"4322",23.717
"4323",24.684
"4324",26.636
"4325",23.658
"4326",23.772
"4327",23.381
"4328",25.979
"4329",23.509
"4330",26.143
"4331",24.289
"4332",22.396
"4333",24.145
"4334",23.983
"4335",22.205
"4336",25.808
"4337",24.327
"4338",20.776
"4339",20.063
"4340",23.888
"4341",23.237
"4342",19.75
"4343",23.899
"4344",24.251
"4345",23.768
"4346",17.144
"4347",24.135
"4348",19.76
"4349",26.236
"4350",21.425
"4351",21.974
"4352",22.473
"4353",24.701
"4354",21.075
"4355",25.406
"4356",24.562
"4357",23.615
"4358",22.89
"4359",22.054
"4360",25.009
"4361",20.874
"4362",18.932
"4363",22.959
"4364",21.436
"4365",20.016
"4366",12.661
"4367",19.903
"4368",28.477
"4369",25.111
"4370",20.327
"4371",18.759
"4372",21.725
"4373",25.868
"4374",25.299
"4375",24.01
"4376",19.191
"4377",25.137
"4378",24.178
"4379",20.073
"4380",20.789
"4381",23.137
"4382",24.743
"4383",23.19
"4384",16.132
"4385",16.425
"4386",18.179
"4387",25.116
"4388",22.492
"4389",14.727
"4390",23.434
"4391",25.765
"4392",23.024
"4393",25.802
"4394",26.904
"4395",21.263
"4396",17.769
"4397",22.989
"4398",21.529
"4399",24.607
"4400",19.974
"4401",23.748
"4402",23.207
"4403",20.933
"4404",19.75
"4405",20.388
"4406",24.299
"4407",26.907
"4408",20.414
"4409",25.161
"4410",23.855
"4411",18.707
"4412",21.322
"4413",18.435
"4414",24.057
"4415",20.959
"4416",19.568
"4417",20.131
"4418",23.287
"4419",20.771
"4420",21.972
"4421",20.949
"4422",22.139
"4423",21.361
"4424",22.379
"4425",25.176
"4426",19.092
"4427",22.838
"4428",23.517
"4429",22.318
"4430",22.749
"4431",24.022
"4432",27.086
"4433",24.405
"4434",25.689
"4435",21.867
"4436",18.369
"4437",23.494
"4438",23.878
"4439",19.547
"4440",25.602
"4441",22.448
"4442",22.72
"4443",19.185
"4444",24.636
"4445",22.604
"4446",20.097
"4447",20.949
"4448",22.783
"4449",20.203
"4450",20.267
"4451",22.529
"4452",19.608
"4453",24.365
"4454",21.064
"4455",23.52
"4456",22.474
"4457",19.286
"4458",21.357
"4459",24.268
"4460",27.785
"4461",24.883
"4462",24.083
"4463",20.405
"4464",24.568
"4465",21.142
"4466",24.191
"4467",22.943
"4468",18.887
"4469",22.54
"4470",20.138
"4471",25.326
"4472",21.854
"4473",22.372
"4474",19.606
"4475",21.035
"4476",21.905
"4477",19.518
"4478",21.598
"4479",23.812
"4480",17.919
"4481",26.051
"4482",24.053
"4483",22.102
"4484",21.805
"4485",26.722
"4486",21.243
"4487",21.579
"4488",20.451
"4489",23.156
"4490",25.226
"4491",25.11
"4492",22.169
"4493",23.08
"4494",16.803
"4495",20.48
"4496",22.189
"4497",19.74
"4498",19.087
"4499",18.112
"4500",26.912
"4501",21.551
"4502",21.017
"4503",25.903
"4504",25.335
"4505",23.806
"4506",20.687
"4507",23.537
"4508",27.09
"4509",16.646
"4510",22.767
"4511",20.348
"4512",26.09
"4513",20.38
"4514",21.722
"4515",22.469
"4516",21.155
"4517",23.998
"4518",20.299
"4519",22.38
"4520",17.444
"4521",23.361
"4522",20.439
"4523",23.285
"4524",21.527
"4525",23.019
"4526",19.838
"4527",20.072
"4528",22.472
"4529",26.374
"4530",20.176
"4531",22.4
"4532",25.537
"4533",19.936
"4534",22.345
"4535",20.865
"4536",24.005
"4537",20.738
"4538",26.833
"4539",23.322
"4540",22.679
"4541",25.907
"4542",26.088
"4543",24.762
"4544",24.643
"4545",21.512
"4546",21.219
"4547",19.143
"4548",22.135
"4549",20.66
"4550",18.505
"4551",21.501
"4552",25.981
"4553",24.706
"4554",23.103
"4555",23.473
"4556",22.455
"4557",21.395
"4558",22.921
"4559",16.528
"4560",21.425
"4561",25.399
"4562",22.565
"4563",23.247
"4564",24.644
"4565",17.825
"4566",22.845
"4567",17.152
"4568",24.773
"4569",22.658
"4570",17.97
"4571",21.924
"4572",22.936
"4573",18.922
"4574",27.109
"4575",26.86
"4576",22.989
"4577",23.691
"4578",23.622
"4579",19.088
"4580",23.616
"4581",20.755
"4582",18.532
"4583",21.105
"4584",25.89
"4585",22.541
"4586",20.593
"4587",20.61
"4588",21.87
"4589",26.15
"4590",20.197
"4591",22.298
"4592",27.174
"4593",20.385
"4594",24.055
"4595",22.783
"4596",22.157
"4597",25.366
"4598",27.467
"4599",19.897
"4600",19.82
"4601",26.271
"4602",23.226
"4603",22.462
"4604",20.165
"4605",21.235
"4606",21.775
"4607",20.376
"4608",23.029
"4609",24.935
"4610",20.65
"4611",16.006
"4612",20.035
"4613",21.813
"4614",19.635
"4615",22.486
"4616",23.44
"4617",26.605
"4618",19.021
"4619",23.501
"4620",22.795
"4621",23.006
"4622",21.08
"4623",22.178
"4624",22.961
"4625",25.247
"4626",19.865
"4627",22.92
"4628",23.515
"4629",23.923
"4630",19.622
"4631",25.824
"4632",23.696
"4633",24.513
"4634",23.419
"4635",24.302
"4636",24.092
"4637",21.726
"4638",24.486
"4639",24.171
"4640",18.703
"4641",26.273
"4642",23.709
"4643",21.028
"4644",24.216
"4645",17.395
"4646",16.077
"4647",23.792
"4648",20.568
"4649",18.324
"4650",23.857
"4651",21.216
"4652",19.35
"4653",22.848
"4654",19.813
"4655",22.504
"4656",26.191
"4657",20.967
"4658",19.355
"4659",21.889
"4660",21.082
"4661",25.317
"4662",21.198
"4663",29.044
"4664",22.913
"4665",26.431
"4666",25.143
"4667",24.523
"4668",18.948
"4669",22.405
"4670",23
"4671",24.881
"4672",20.549
"4673",26.168
"4674",23.815
"4675",20.952
"4676",22.095
"4677",22.707
"4678",19.505
"4679",22.626
"4680",20.081
"4681",21.504
"4682",24.234
"4683",20.933
"4684",21.87
"4685",19.817
"4686",19.834
"4687",24.731
"4688",22.029
"4689",17.833
"4690",21.073
"4691",25.084
"4692",23.09
"4693",23.096
"4694",26.454
"4695",27.066
"4696",25.665
"4697",18.065
"4698",21.019
"4699",20.648
"4700",23.202
"4701",27.494
"4702",24.474
"4703",22.77
"4704",23.247
"4705",21.605
"4706",21.949
"4707",20.847
"4708",23.77
"4709",22.937
"4710",25.908
"4711",24.324
"4712",23.696
"4713",20.514
"4714",22.995
"4715",20.924
"4716",23.526
"4717",23.806
"4718",21.515
"4719",23.453
"4720",22.078
"4721",25.705
"4722",24.983
"4723",19.768
"4724",21.935
"4725",22.521
"4726",24.168
"4727",19.829
"4728",22.61
"4729",16.4
"4730",26.758
"4731",21.808
"4732",22.308
"4733",21.242
"4734",21.377
"4735",23.694
"4736",20.155
"4737",21.213
"4738",21.786
"4739",22.893
"4740",18.31
"4741",23.013
"4742",16.454
"4743",27.946
"4744",21.408
"4745",20.971
"4746",24.552
"4747",19.738
"4748",26.284
"4749",27.83
"4750",22.41
"4751",16.71
"4752",22.974
"4753",22.506
"4754",22.233
"4755",25.137
"4756",25.678
"4757",19.013
"4758",25.803
"4759",22.947
"4760",24.796
"4761",23.325
"4762",20.422
"4763",23.554
"4764",19.025
"4765",21.944
"4766",22.236
"4767",24.604
"4768",23.31
"4769",21.641
"4770",26.432
"4771",23.456
"4772",27.341
"4773",21.107
"4774",24.79
"4775",22.919
"4776",21.202
"4777",19.052
"4778",23.54
"4779",23.403
"4780",26.504
"4781",20.178
"4782",24.785
"4783",24.327
"4784",23.641
"4785",22.738
"4786",24.458
"4787",23.206
"4788",18.431
"4789",24.458
"4790",20.474
"4791",24.623
"4792",22.452
"4793",22.454
"4794",22.219
"4795",22.471
"4796",22.299
"4797",22.977
"4798",17.406
"4799",18.872
"4800",23.385
"4801",20.551
"4802",23.069
"4803",23.675
"4804",22.921
"4805",22.415
"4806",26.968
"4807",21.549
"4808",23.798
"4809",18.423
"4810",19.382
"4811",26.371
"4812",22.12
"4813",17.748
"4814",27.254
"4815",24.859
"4816",23.652
"4817",15.737
"4818",24.771
"4819",24.303
"4820",20.466
"4821",20.343
"4822",24.067
"4823",26.575
"4824",25.184
"4825",26.161
"4826",24.206
"4827",20.375
"4828",23.663
"4829",18.797
"4830",15.879
"4831",23.038
"4832",25.502
"4833",24.771
"4834",21.107
"4835",24.688
"4836",17.924
"4837",20.234
"4838",27.614
"4839",25.125
"4840",25.418
"4841",18.282
"4842",23.494
"4843",20.211
"4844",23.303
"4845",23.167
"4846",22.607
"4847",20.589
"4848",22.918
"4849",21.646
"4850",23.92
"4851",24.646
"4852",25.378
"4853",22.917
"4854",23.575
"4855",20.778
"4856",25.205
"4857",23.974
"4858",24.439
"4859",20.69
"4860",24.945
"4861",23.868
"4862",24.192
"4863",22.96
"4864",19.188
"4865",24.917
"4866",22.961
"4867",23.161
"4868",24.899
"4869",26.444
"4870",26.488
"4871",20.372
"4872",20.162
"4873",24.172
"4874",22.593
"4875",25.142
"4876",22.777
"4877",25.454
"4878",24.072
"4879",23.522
"4880",19.745
"4881",24.472
"4882",22.652
"4883",25.718
"4884",19.461
"4885",20.429
"4886",23.323
"4887",24.347
"4888",23.287
"4889",23.497
"4890",24.702
"4891",26.062
"4892",19.924
"4893",25.087
"4894",23.79
"4895",20.56
"4896",23.343
"4897",21.418
"4898",21.026
"4899",19.196
"4900",22.152
"4901",25.035
"4902",23.741
"4903",22.247
"4904",20.574
"4905",20.846
"4906",23.588
"4907",24.586
"4908",26.202
"4909",27.205
"4910",19.744
"4911",25.815
"4912",22.319
"4913",19.304
"4914",23.5
"4915",23.963
"4916",25.376
"4917",24.27
"4918",22.87
"4919",25.66
"4920",23.004
"4921",24.517
"4922",18.628
"4923",13.932
"4924",23.988
"4925",22.695
"4926",21.059
"4927",22.49
"4928",22.628
"4929",23.149
"4930",23.142
"4931",19.759
"4932",18.614
"4933",21.479
"4934",25.57
"4935",25.299
"4936",26.703
"4937",17.951
"4938",25.163
"4939",24.587
"4940",17.667
"4941",24.128
"4942",18.953
"4943",18.922
"4944",21.454
"4945",22.231
"4946",21.355
"4947",19.096
"4948",22.63
"4949",19.158
"4950",23.454
"4951",24.334
"4952",23.449
"4953",22.908
"4954",25.632
"4955",21.051
"4956",24.02
"4957",22.505
"4958",25.395
"4959",19.503
"4960",23.925
"4961",21.82
"4962",20.244
"4963",23.094
"4964",23.076
"4965",23.977
"4966",23.128
"4967",19.077
"4968",21.62
"4969",20.965
"4970",20.909
"4971",16.216
"4972",24.131
"4973",12.899
"4974",20.713
"4975",23.395
"4976",21.04
"4977",23.32
"4978",21.758
"4979",19.799
"4980",18.533
"4981",26.961
"4982",19.389
"4983",20.651
"4984",23.998
"4985",21.395
"4986",18.714
"4987",21.875
"4988",22.508
"4989",23.963
"4990",19.491
"4991",26.777
"4992",22.245
"4993",25.781
"4994",22.985
"4995",20.319
"4996",21.929
"4997",19.412
"4998",26.232
"4999",16.684
"5000",20.787
"5001",25.148
"5002",19.908
"5003",26.469
"5004",25.678
"5005",21.867
"5006",23.547
"5007",23.861
"5008",20.591
"5009",21.296
"5010",21.511
"5011",21.034
"5012",14.9
"5013",22.399
"5014",24.457
"5015",27.109
"5016",21.633
"5017",22.528
"5018",21.318
"5019",20.294
"5020",23.208
"5021",23.151
"5022",23.49
"5023",27.406
"5024",26.261
"5025",23.179
"5026",21.555
"5027",22.492
"5028",20.994
"5029",26.535
"5030",21.797
"5031",19.118
"5032",23.53
"5033",19.083
"5034",23.137
"5035",25.286
"5036",19.268
"5037",25.114
"5038",20.243
"5039",22.482
"5040",19.512
"5041",24.559
"5042",24.4
"5043",22.239
"5044",23.091
"5045",24.776
"5046",21.589
"5047",21.264
"5048",23.193
"5049",22.031
"5050",25.527
"5051",19.611
"5052",21.442
"5053",21.939
"5054",22.791
"5055",26.191
"5056",23.461
"5057",19.269
"5058",23.046
"5059",21.188
"5060",26.084
"5061",21.547
"5062",23.838
"5063",23.522
"5064",21.152
"5065",26.311
"5066",24.886
"5067",19.517
"5068",24.373
"5069",20.982
"5070",24.011
"5071",25.884
"5072",26.583
"5073",25.819
"5074",21.996
"5075",27.162
"5076",24.401
"5077",23.568
"5078",26.41
"5079",19.813
"5080",24.605
"5081",21.414
"5082",22.865
"5083",20.753
"5084",21.752
"5085",23.426
"5086",24.815
"5087",19.866
"5088",16.128
"5089",26.45
"5090",21.994
"5091",25.357
"5092",20.895
"5093",21.469
"5094",24.953
"5095",21.562
"5096",22.325
"5097",24.036
"5098",23.321
"5099",21.533
"5100",22.952
"5101",24.78
"5102",22.569
"5103",24.004
"5104",25.525
"5105",19.18
"5106",18.218
"5107",24.636
"5108",22.419
"5109",25.366
"5110",23.324
"5111",20.059
"5112",24.093
"5113",23.476
"5114",21.585
"5115",27.611
"5116",20.495
"5117",21.217
"5118",25.277
"5119",25.255
"5120",16.494
"5121",27.17
"5122",24.354
"5123",26.522
"5124",27.967
"5125",25.541
"5126",20.07
"5127",22.531
"5128",25.779
"5129",19.931
"5130",22.828
"5131",23.489
"5132",24.849
"5133",18.432
"5134",24.185
"5135",21.648
"5136",25.953
"5137",20.278
"5138",20.809
"5139",23.388
"5140",24.34
"5141",26.929
"5142",23.867
"5143",24.027
"5144",19.999
"5145",23.058
"5146",17.455
"5147",24.079
"5148",18.645
"5149",20.061
"5150",20.606
"5151",20.328
"5152",23.107
"5153",21.689
"5154",21.22
"5155",14.03
"5156",22.396
"5157",21.264
"5158",23.635
"5159",26.846
"5160",22.238
"5161",24.36
"5162",22.98
"5163",20.31
"5164",27.035
"5165",20.237
"5166",23.869
"5167",23.382
"5168",17.825
"5169",20.564
"5170",18.206
"5171",19.646
"5172",23.874
"5173",19.338
"5174",21.477
"5175",22.005
"5176",25.98
"5177",20.79
"5178",26.172
"5179",22.757
"5180",21.448
"5181",16.925
"5182",22.749
"5183",21.967
"5184",23.075
"5185",21.218
"5186",21.964
"5187",21.64
"5188",23.416
"5189",21.934
"5190",24.358
"5191",25.71
"5192",25.562
"5193",22.043
"5194",23.713
"5195",23.765
"5196",23.157
"5197",23.072
"5198",21.839
"5199",21.639
"5200",22.906
"5201",19.227
"5202",19.61
"5203",21.73
"5204",23.036
"5205",21.485
"5206",25.212
"5207",25.427
"5208",19.405
"5209",25.553
"5210",21.548
"5211",23.488
"5212",26.363
"5213",22.992
"5214",25.175
"5215",24.076
"5216",20.614
"5217",24.068
"5218",21.953
"5219",19.243
"5220",22.445
"5221",19.702
"5222",21.785
"5223",23.036
"5224",25.048
"5225",18.608
"5226",25.912
"5227",20.936
"5228",21.454
"5229",24.326
"5230",23.809
"5231",20.225
"5232",25.393
"5233",22.472
"5234",26.616
"5235",24.196
"5236",25.821
"5237",26.13
"5238",19.438
"5239",21.97
"5240",24.889
"5241",23.388
"5242",20.476
"5243",23.197
"5244",24.409
"5245",18.956
"5246",26.001
"5247",25.311
"5248",23.762
"5249",22.176
"5250",22.054
"5251",24.17
"5252",19.662
"5253",15.731
"5254",21.479
"5255",21.323
"5256",18.9
"5257",26.837
"5258",23.649
"5259",23.04
"5260",16.747
"5261",21.465
"5262",21.917
"5263",22.39
"5264",17.724
"5265",20.978
"5266",18.738
"5267",25.868
"5268",17.337
"5269",25.566
"5270",22.946
"5271",20.506
"5272",17.401
"5273",26.226
"5274",27.338
"5275",26.244
"5276",23.115
"5277",25.86
"5278",23.743
"5279",23.424
"5280",22.458
"5281",20.425
"5282",17.508
"5283",20.142
"5284",23.172
"5285",25.361
"5286",25.139
"5287",21.344
"5288",18.395
"5289",23.341
"5290",25.414
"5291",21.97
"5292",24.176
"5293",23.121
"5294",17.805
"5295",23.249
"5296",21.652
"5297",27.669
"5298",20.962
"5299",19.146
"5300",24.79
"5301",23.922
"5302",24.977
"5303",22.477
"5304",22.335
"5305",22.031
"5306",23.274
"5307",19.677
"5308",21.256
"5309",22.693
"5310",25.993
"5311",23.995
"5312",27.176
"5313",22.801
"5314",22.764
"5315",22.484
"5316",23.626
"5317",24.255
"5318",25.63
"5319",22.49
"5320",23.405
"5321",22.109
"5322",22.779
"5323",23.871
"5324",24.848
"5325",22.11
"5326",21.181
"5327",26.04
"5328",26.157
"5329",21.058
"5330",24.81
"5331",24.627
"5332",22.802
"5333",24.81
"5334",20.63
"5335",21.191
"5336",19.868
"5337",23.127
"5338",22.093
"5339",25.91
"5340",24.828
"5341",24.704
"5342",23.531
"5343",21.594
"5344",19.636
"5345",21.522
"5346",20.646
"5347",16.783
"5348",23.455
"5349",23.332
"5350",23.044
"5351",22.037
"5352",23.066
"5353",25.988
"5354",20.062
"5355",26.386
"5356",23.923
"5357",23.698
"5358",21.385
"5359",24.72
"5360",22.804
"5361",21.978
"5362",19.767
"5363",21.012
"5364",25.008
"5365",22.492
"5366",19.831
"5367",25.817
"5368",26.38
"5369",19.342
"5370",16.086
"5371",21.978
"5372",25.195
"5373",20.844
"5374",19.233
"5375",22.988
"5376",20.154
"5377",19.481
"5378",22.867
"5379",22.892
"5380",23.465
"5381",18.931
"5382",25.374
"5383",23.304
"5384",17.552
"5385",27.573
"5386",25.89
"5387",24.194
"5388",20.802
"5389",24.647
"5390",25.178
"5391",23.785
"5392",22.989
"5393",28.077
"5394",24.084
"5395",16.598
"5396",17.29
"5397",21.195
"5398",20.345
"5399",20.965
"5400",19.041
"5401",20.985
"5402",21.669
"5403",23.308
"5404",18.767
"5405",24.398
"5406",20.312
"5407",20.093
"5408",14.539
"5409",24.55
"5410",23.854
"5411",20.26
"5412",24.636
"5413",24.888
"5414",22.901
"5415",23.964
"5416",24.656
"5417",14.888
"5418",24.729
"5419",19.572
"5420",25.819
"5421",24.584
"5422",25.14
"5423",22.277
"5424",20.374
"5425",29.312
"5426",19.407
"5427",25.983
"5428",17.013
"5429",22.306
"5430",19.801
"5431",19.977
"5432",20.844
"5433",22.011
"5434",24.172
"5435",21.498
"5436",24.227
"5437",20.87
"5438",23.997
"5439",18.555
"5440",19.458
"5441",22.585
"5442",23.1
"5443",19.744
"5444",19.071
"5445",27.382
"5446",22.973
"5447",24.547
"5448",22.887
"5449",23.788
"5450",26.08
"5451",21.508
"5452",19.644
"5453",26.603
"5454",19.733
"5455",26.125
"5456",24.717
"5457",22.566
"5458",19.92
"5459",22.373
"5460",21.363
"5461",25.098
"5462",18.188
"5463",24.584
"5464",24.452
"5465",22.996
"5466",22.686
"5467",26.189
"5468",24.295
"5469",24.352
"5470",23.432
"5471",23.647
"5472",20.709
"5473",23.123
"5474",21.736
"5475",25.252
"5476",19.395
"5477",20.106
"5478",22.134
"5479",27.247
"5480",24.228
"5481",21.403
"5482",22.507
"5483",22.272
"5484",17.644
"5485",24.782
"5486",25.296
"5487",23.645
"5488",21.565
"5489",22.223
"5490",23.623
"5491",25.928
"5492",27.529
"5493",22.331
"5494",22.424
"5495",21.882
"5496",23.975
"5497",27.284
"5498",24.175
"5499",15.631
"5500",28.174
"5501",21.578
"5502",23.523
"5503",20.235
"5504",21.184
"5505",26.557
"5506",24.398
"5507",22.838
"5508",24.282
"5509",21.418
"5510",22.985
"5511",26.523
"5512",23.273
"5513",21.164
"5514",22.764
"5515",22.81
"5516",24.35
"5517",27.641
"5518",21.732
"5519",28.079
"5520",22.089
"5521",21.503
"5522",23.386
"5523",22.963
"5524",25.293
"5525",21.994
"5526",19.184
"5527",21.069
"5528",19.619
"5529",23.905
"5530",22.947
"5531",17.301
"5532",21.094
"5533",21.408
"5534",25.35
"5535",24.131
"5536",22.028
"5537",24.072
"5538",21.135
"5539",15.86
"5540",23.588
"5541",21.926
"5542",21.83
"5543",22.647
"5544",23.653
"5545",24.074
"5546",20.651
"5547",25.851
"5548",27.741
"5549",20.313
"5550",24.761
"5551",17.927
"5552",24.434
"5553",22.277
"5554",24.353
"5555",24.166
"5556",22.463
"5557",24.333
"5558",18.184
"5559",22.753
"5560",20.573
"5561",25.636
"5562",23.6
"5563",20.021
"5564",21.141
"5565",21.794
"5566",19.269
"5567",22.496
"5568",22.584
"5569",20.756
"5570",25.68
"5571",23.066
"5572",21.726
"5573",18.453
"5574",20.841
"5575",22.145
"5576",19.507
"5577",23.425
"5578",27.545
"5579",14.866
"5580",22.573
"5581",21.244
"5582",25.569
"5583",22.539
"5584",24.586
"5585",19.082
"5586",20.383
"5587",24.355
"5588",25.772
"5589",19.695
"5590",21.809
"5591",27.255
"5592",23.198
"5593",22.192
"5594",24.751
"5595",18.803
"5596",22.211
"5597",21.713
"5598",15.522
"5599",19.896
"5600",20.772
"5601",24.135
"5602",24.4
"5603",24.252
"5604",19.617
"5605",19.387
"5606",24.502
"5607",22.349
"5608",21.364
"5609",23.372
"5610",24.604
"5611",20.534
"5612",22.756
"5613",24.791
"5614",23.543
"5615",23.405
"5616",22.567
"5617",25.792
"5618",23.546
"5619",27.53
"5620",19.504
"5621",23.161
"5622",22.185
"5623",23.898
"5624",21.061
"5625",25.462
"5626",21.161
"5627",24.652
"5628",18.81
"5629",17.855
"5630",23.672
"5631",21.955
"5632",23.229
"5633",24.82
"5634",22.264
"5635",23.563
"5636",24.656
"5637",20.88
"5638",19.453
"5639",23.888
"5640",23.226
"5641",26.151
"5642",22.329
"5643",16.599
"5644",23.774
"5645",25.32
"5646",25.563
"5647",25.029
"5648",24.173
"5649",24.965
"5650",23.652
"5651",23.78
"5652",26.007
"5653",19.951
"5654",20.818
"5655",22.67
"5656",27.071
"5657",15.191
"5658",22.581
"5659",21.435
"5660",23.857
"5661",24.489
"5662",20.892
"5663",25.899
"5664",23.528
"5665",21.707
"5666",22.417
"5667",20.412
"5668",24.32
"5669",24.559
"5670",25.792
"5671",24.769
"5672",23.092
"5673",23.034
"5674",20.977
"5675",24.853
"5676",26.184
"5677",23.972
"5678",23.091
"5679",21.449
"5680",23.167
"5681",22.785
"5682",22.301
"5683",22.186
"5684",25.445
"5685",21.789
"5686",25.233
"5687",18.014
"5688",23.192
"5689",23.56
"5690",22.794
"5691",26.821
"5692",25.944
"5693",15.959
"5694",22.093
"5695",24.282
"5696",20.618
"5697",24.162
"5698",21.222
"5699",18.536
"5700",24.6
"5701",22.014
"5702",20.081
"5703",21.384
"5704",23.02
"5705",21.869
"5706",21.919
"5707",25.438
"5708",23.499
"5709",23.494
"5710",26.499
"5711",23.614
"5712",19.53
"5713",22.75
"5714",21.111
"5715",22.213
"5716",23.019
"5717",24.922
"5718",17.519
"5719",19.565
"5720",22.809
"5721",20.59
"5722",26.087
"5723",21.744
"5724",22.368
"5725",20.77
"5726",18.103
"5727",18.835
"5728",18.983
"5729",23.671
"5730",20.829
"5731",23.42
"5732",22.741
"5733",23.36
"5734",20.804
"5735",19.708
"5736",24.638
"5737",21.919
"5738",22.867
"5739",26.52
"5740",22.873
"5741",21.621
"5742",20.553
"5743",23.298
"5744",23.789
"5745",28.345
"5746",26.365
"5747",21.482
"5748",26.818
"5749",23.191
"5750",24.338
"5751",23.966
"5752",23.441
"5753",18.562
"5754",22.057
"5755",19.457
"5756",23.806
"5757",20.323
"5758",23.703
"5759",19.663
"5760",23.076
"5761",23.561
"5762",21.532
"5763",19.023
"5764",21.93
"5765",20.076
"5766",22.447
"5767",22.179
"5768",22.398
"5769",19.04
"5770",19.831
"5771",21.242
"5772",25.625
"5773",23.598
"5774",25.486
"5775",21.203
"5776",23.221
"5777",22.73
"5778",23.898
"5779",19.776
"5780",24.88
"5781",20.108
"5782",25.546
"5783",21.669
"5784",25.758
"5785",25.392
"5786",23.911
"5787",20.998
"5788",19.439
"5789",23.912
"5790",23.045
"5791",26.313
"5792",22.88
"5793",22.732
"5794",19.805
"5795",24.518
"5796",19.913
"5797",21.869
"5798",20.238
"5799",24.745
"5800",24.966
"5801",20.968
"5802",19.845
"5803",22.987
"5804",25.836
"5805",25.042
"5806",22.931
"5807",19.252
"5808",22.283
"5809",19.857
"5810",22.001
"5811",25.534
"5812",19.709
"5813",22.688
"5814",25.581
"5815",26.023
"5816",19.714
"5817",25.738
"5818",20.416
"5819",24.289
"5820",25.533
"5821",19.49
"5822",23.932
"5823",23.993
"5824",20.051
"5825",17.446
"5826",25.932
"5827",22.647
"5828",24.07
"5829",22.533
"5830",20.813
"5831",23.34
"5832",21.03
"5833",18.584
"5834",26.229
"5835",23.067
"5836",25.449
"5837",26.893
"5838",18.557
"5839",22.915
"5840",23.07
"5841",17.759
"5842",24.224
"5843",19.056
"5844",24.354
"5845",20.356
"5846",21.191
"5847",23.617
"5848",14.224
"5849",18.578
"5850",21.641
"5851",20.739
"5852",23.807
"5853",25.507
"5854",26.747
"5855",21.533
"5856",17.355
"5857",19.256
"5858",26.199
"5859",18.196
"5860",17.612
"5861",21.639
"5862",22.553
"5863",25.059
"5864",27.664
"5865",24.027
"5866",25.384
"5867",22.674
"5868",25.467
"5869",24.232
"5870",23.751
"5871",23.715
"5872",24.296
"5873",18.974
"5874",21.419
"5875",25.913
"5876",20.155
"5877",19.27
"5878",21.617
"5879",25.989
"5880",23.492
"5881",21.508
"5882",19.919
"5883",26.391
"5884",22.092
"5885",24.723
"5886",24.207
"5887",24.492
"5888",20.11
"5889",22.775
"5890",23.269
"5891",21.89
"5892",21.188
"5893",23.675
"5894",24.794
"5895",21.808
"5896",15.921
"5897",22.519
"5898",22.357
"5899",21.247
"5900",24.542
"5901",21.497
"5902",16.504
"5903",23.775
"5904",22.848
"5905",25.853
"5906",23.003
"5907",23.419
"5908",21.825
"5909",21.925
"5910",21.026
"5911",26.365
"5912",19.886
"5913",25.625
"5914",25.451
"5915",18.172
"5916",19.245
"5917",20.289
"5918",26.46
"5919",19.894
"5920",25.556
"5921",19.247
"5922",21.3
"5923",20.741
"5924",22.329
"5925",19.746
"5926",19.988
"5927",23.378
"5928",20.343
"5929",19.262
"5930",19.831
"5931",25.694
"5932",17.569
"5933",23.615
"5934",21.951
"5935",26.738
"5936",21.287
"5937",23.532
"5938",25.704
"5939",21.03
"5940",21.569
"5941",24.439
"5942",22.763
"5943",19.654
"5944",20.987
"5945",21.206
"5946",19.178
"5947",22.846
"5948",21.9
"5949",21.882
"5950",23.896
"5951",21.806
"5952",20.681
"5953",28.299
"5954",23.678
"5955",23.796
"5956",22.621
"5957",19.022
"5958",23.062
"5959",23.55
"5960",22.511
"5961",19.022
"5962",17.284
"5963",24.894
"5964",15.891
"5965",25.621
"5966",23.737
"5967",19.403
"5968",21.484
"5969",24.59
"5970",23.232
"5971",25.528
"5972",25.771
"5973",22.413
"5974",23.971
"5975",21.446
"5976",21.225
"5977",21.291
"5978",21.92
"5979",23.506
"5980",21.181
"5981",24.267
"5982",22.109
"5983",24.51
"5984",23.499
"5985",26.615
"5986",26.419
"5987",20.278
"5988",24.524
"5989",21.627
"5990",23.016
"5991",20.996
"5992",21.024
"5993",23.473
"5994",26.765
"5995",26.423
"5996",26.125
"5997",20.893
"5998",22.61
"5999",23.127
"6000",25.162
